date,payems,gdpc1,cpiaucsl,dgorder,hsn1f,rsafs,unrate,houst,indpro,dspic96,boptexp,boptimp,whlslrimsa,ttlcons,ir,cpilfesl,pcepilfe,pcepi,permit,tcu,businv,ulcnfb,iq,a261rx1q020sbea
1947-01-01,,,,,,,,,,,,,,,,,,,,,,,,
1947-02-01,0.0005053405306074676,,0.0065176908752329,,,,,,0.0059099841475085,,,,,,,,,,,,,,,
1947-03-01,0.001147921114861,,0.0175763182238668,,,,,,0.005867999070416,,,,,,,,,,,,,,,
1947-04-01,-0.0024766665902263,,0.0,,,,,,-0.007783168717149,,,,,,,,,,,,,,,
1947-05-01,0.0031954757580634,,-0.0022727272727273,,,,,,0.0039221108087261,,,,,,,,,,,,,,,
1947-06-01,0.0039415188597093,0.006926538614878,0.0059225512528473,,,,,,0.0,,,,,,,,,,,,,-0.00018787575150303049,,-0.0012360927124294
1947-07-01,-0.0015293312029217,,0.0067934782608696,,,,,,-0.0058565578226361,,,,,,,,,,,,,,,
1947-08-01,0.0049607937269964,,0.007647323436797,,,,,,0.0058910591511915,,,,,,,,,,,,,,,
1947-09-01,0.0055277525022747,0.0166788394735952,0.0196428571428572,,,,,,0.0078135759069328,,,,,,,,,,,,,0.0623238333855309,,0.0011424207956471
1947-10-01,0.004705562970839,,0.0030647985989491,,,,,,0.0096876505829133,,,,,,,,,,,,,,,
1947-11-01,0.0016437369120263,,0.0065473592317764,,,,,,0.0134411282854904,,,,,,,,,,,,,,,
1947-12-01,0.002180559302221,-0.0103427965524453,0.0151777970511708,,,,,,0.0037813560870694,,,,,,,,,,,,,-0.017747641509434,,0.0095914581505738
1948-01-01,0.0021982458895044,,0.0115335326783425,,,,,,0.0056646710779679,,,,,,,,,,,,,,,
1948-02-01,-0.0032677544260166,,-0.0004222972972972583,,,,0.1176470588235294,,0.0018729460257338,,,,,,,,,,,,,,,
1948-03-01,0.0033682886847954,0.0172779266274376,-0.0071820870299958,,,,0.0526315789473683,,-0.0112305671575406,,,,,,,,,,,,,0.0190287532264841,,0.0268046076999814
1948-04-01,-0.0068034823087079,,0.0136170212765958,,,,-0.025,,0.0018906780435348,,,,,,,,,,,,,,,
1948-05-01,0.0093963361049145,,0.0079764903442485,,,,-0.1025641025641025,,0.0170120522498,,,,,,,,,,,,,,,
1948-06-01,0.0053129743727118,0.0044304689389935,0.0058309037900874,,,,0.0285714285714286,,0.0130094984514144,,,,,,,,,,,,,0.0160226201696513,,0.0231435544895779
1948-07-01,0.0027978860416573,,0.0103519668737059,,,,0.0,,0.0,,,,,,,,,,,,,,,
1948-08-01,0.00039858281665194895,,0.0012295081967212,,,,0.0833333333333332,,-0.0036702370333044,,,,,,,,,,,,,,,
1948-09-01,0.0025676214086503,0.0034856390224669,-0.0028653295128939,,,,-0.0256410256410256,,-0.007360680162386,,,,,,,,,,,,,0.0194805194805194,,0.0008125360559940731
1948-10-01,-0.0010818209917428,,-0.0020525451559935,,,,-0.026315789473684,,0.0074221466390342,,,,,,,,,,,,,,,
1948-11-01,-0.0011714001547131,,-0.0061703002879472,,,,0.0270270270270269,,-0.0128964796096201,,,,,,,,,,,,,,,
1948-12-01,-0.0035404496371038,0.0067490454029222,-0.0045529801324503,,,,0.0526315789473683,,-0.0093261881023595,,,,,,,,,,,,,0.0054595086442219,,0.0051001408002822
1949-01-01,-0.0080831408775982,,-0.0016632016632016,,,,0.0749999999999999,,-0.0094139846944124,,,,,,,,,,,,,,,
1949-02-01,-0.0038282439330169,,-0.0041649312786339,,,,0.0930232558139536,,-0.0095105052985084,,,,,,,,,,,,,,,
1949-03-01,-0.0057756702699058,0.017070159048937,0.0,,,,0.0638297872340425,,-0.0191894009544838,,,,,,,,,,,,,-0.0041855203619908,,-0.019833670248608
1949-04-01,-9.041591320069207e-05,,0.0004182350480970154,,,,0.06,,-0.005875261445503,,,,,,,,,,,,,,,
1949-05-01,-0.0056967176055701,,-0.0004180602006689238,,,,0.150943396226415,,-0.013777787518172,,,,,,,,,,,,,,,
1949-06-01,-0.0055702073481266,0.0199906429432197,0.0004182350480970154,,,,0.0163934426229508,,-0.0019925778327567,,,,,,,,,,,,,-0.0082926275133478,,-0.0028474593055171
1949-07-01,-0.004755481378175,,-0.0091973244147157,,,,0.0806451612903225,,-0.002003978267969,,,,,,,,,,,,,,,
1949-08-01,0.0021364085364452,,0.0,,,,0.0149253731343284,,0.0100177001680772,,,,,,,,,,,,,,,
1949-09-01,0.003576013203741,0.006556024365806,0.0021097046413502,,,,-0.0294117647058823,,0.00992570448203,,,,,,,,,,,,,-0.0209621993127147,,0.0053774478536043
1949-10-01,-0.0191411603471904,,-0.0033684210526314,,,,0.196969696969697,,-0.0373294837303236,,,,,,,,,,,,,,,
1949-11-01,0.0069861673885707,,0.0012674271229402,,,,-0.189873417721519,,0.026530442224528,,,,,,,,,,,,,,,
1949-12-01,0.0064751861616021,-0.0016923813866359,-0.0037974683544304,,,,0.0312499999999997,,0.0178913973734691,,,,,,,,,,,,,0.0023400023400022,,-0.0135096694718417
1950-01-01,9.1907541013736e-05,,-0.004235493434985,,,,-0.0151515151515151,,0.0175769216830354,,,,,,,,,,,,,,,
1950-02-01,-0.0052612231769516,,0.0042535091450446,,,,-0.0153846153846153,,0.0038393047937888,,,,,,,,,,,,,,,
1950-03-01,0.0151742614961776,0.0074287146794,0.0012706480304955,,,,-0.0156250000000001,,0.0325057298355908,,,,,,,,,,,,,-0.0081125248044823,,0.0400519327223809
1950-04-01,0.0097374527915548,,0.0004230118443315778,,,,-0.0793650793650794,,0.0333310425400315,,,,,,,,,,,,,,,
1950-05-01,0.0075706367446262,,0.0050739957716703,,,,-0.0517241379310344,,0.0232974195264699,,,,,,,,,,,,,,,
1950-06-01,0.0081622612818104,0.0135815876423528,0.0046276819520403,,,,-0.018181818181818,,0.0297732398302386,,,,,,,,,,,,,0.0093556928508384,,0.0412186421402793
1950-07-01,0.0082292660204512,,0.0079564489112229,,,,-0.0740740740740741,,0.032314256140971,,,,,,,,,,,,,,,
1950-08-01,0.0162361948343379,,0.0054009140008308,,,,-0.0999999999999999,,0.0313027316524419,,,,,,,,,,,,,,,
1950-09-01,0.0053255975060617,0.0071453621611923,0.0057851239669421,,,,-0.0222222222222221,,-0.0063906476014323,,,,,,,,,,,,,-0.0017488632388947,,0.0381266347670385
1950-10-01,0.0057711357078253,,0.0065735414954806,,,,-0.0454545454545455,,0.006431750653318,,,,,,,,,,,,,,,
1950-11-01,0.0014987367790004,,0.0040816326530612,,,,0.0,,-0.001594697778094,,,,,,,,,,,,,,,
1950-12-01,0.0018171711989054,-0.005626770311766,0.0154471544715446,,,,0.0238095238095237,,0.0175993824778077,,,,,,,,,,,,,0.0232422331231021,,0.0191652207573767
1951-01-01,0.0091120548003671,,0.0160128102481984,,,,-0.1395348837209301,,0.0031392410972175,,,,,,,,,,,,,,,
1951-02-01,0.0061114870580274,,0.0177304964539006,,,,-0.0810810810810811,,0.0062704677257046,,,,,,,,,,,,,,,
1951-03-01,0.00622149357883,0.0178364881061017,0.0019357336430507,,,,0.0,,0.0046764357351369,,,,,,,,,,,,,0.0227713731309211,,0.0051674711911064
1951-04-01,-0.00025066321308464534,,0.0015455950540959,,,,-0.0882352941176469,,0.0015477204207037,,,,,,,,,,,,,,,
1951-05-01,0.0019013392950419,,0.0027006172839505,,,,-0.0322580645161291,,-0.003096402084183,,,,,,,,,,,,,,,
1951-06-01,0.0023356690023357,0.0100566008572156,-0.0023085802231627,,,,0.0666666666666666,,-0.0046561480747289,,,,,,,,,,,,,0.0253334077339435,,0.0176535500213177
1951-07-01,-6.241677762985898e-05,,-0.0007713073659852965,,,,-0.03125,,-0.0156027465465535,,,,,,,,,,,,,,,
1951-08-01,-0.0010195376708765,,-0.0019297568506368,,,,0.0,,-0.0095041492433732,,,,,,,,,,,,,,,
1951-09-01,-0.0012080313255019,0.0164586403847717,0.0065738592420727,,,,0.064516129032258,,0.0063949173173412,,,,,,,,,,,,,-0.0108299319727892,,0.0175304997013898
1951-10-01,0.0010843725236684,,0.0049942374183633,,,,0.0606060606060605,,-0.0015870955561325,,,,,,,,,,,,,,,
1951-11-01,0.0029371328583926,,0.0061162079510703,,,,0.0,,0.0079599108868178,,,,,,,,,,,,,,,
1951-12-01,0.0034685442499013,0.0195668807651816,0.0056990881458967,,,,-0.1142857142857142,,0.0063199859295304,,,,,,,,,,,,,0.0160651408450704,,0.0088132454202045
1952-01-01,-0.0003725628182307261,,-0.000755572346052169,,,,0.032258064516129,,0.0109876025354214,,,,,,,,,,,,,,,
1952-02-01,0.0046794765612059,,-0.0015122873345935,,,,-0.03125,,0.0062120391393041,,,,,,,,,,,,,,,
1952-03-01,-0.0003709657474959549,-0.013779464904233,-0.0007572889057174681,,,,-0.0645161290322581,,0.0030868439740681,,,,,,,,,,,,,0.0054689192116093,,0.0066187112539699
1952-04-01,0.0023915553356423,,0.0026525198938991,,,,0.0,,-0.0092320340734566,,,,,,,,,,,,,,,
1952-05-01,0.0004524886877828038,,0.00037792894935750887,,,,0.0344827586206897,,-0.0093122961494577,,,,,,,,,,,,,,,
1952-06-01,-0.0074010114715677,0.0092582050690395,0.0022667170381565,,,,0.0,,-0.0094056468781628,,,,,,,,,,,,,0.0094781625289461,,0.005952295771938
1952-07-01,-0.002878919680212,,0.0056539766302299,,,,0.0666666666666666,,-0.0158249217561846,,,,,,,,,,,,,,,
1952-08-01,0.0162225037907899,,0.0003748125937033109,,,,0.0625,,0.0643115401596601,,,,,,,,,,,,,,,
1952-09-01,0.0080941869021338,-0.0032422100322343,-0.0022480329711502,,,,-0.0882352941176469,,0.0362530481823022,,,,,,,,,,,,,0.0174446519071751,,0.0093343902456373
1952-10-01,0.0056163828061637,,0.0022530980097634,,,,-0.0322580645161291,,0.0102027568000346,,,,,,,,,,,,,,,
1952-11-01,0.0044155896525999,,0.0,,,,-0.0666666666666667,,0.0202047788880679,,,,,,,,,,,,,,,
1952-12-01,0.0070258551469406,0.0094438188800007,0.0007493443237167607,,,,-0.0357142857142855,,0.0056532168746159,,,,,,,,,,,,,0.0039848993288591,,0.0307254849146367
1953-01-01,-0.0004385440338077195,,-0.002620741295395,,,,0.0740740740740739,,0.0028133286009563,,,,,,,,,,,,,,,
1953-02-01,0.0038888002552648,,-0.0018768768768768,,,,-0.1034482758620689,,0.0056108719753078,,,,,,,,,,,,,,,
1953-03-01,0.0026619519656727,0.0271599278942475,0.0015043249341857,,,,0.0,,0.0083693486193421,,,,,,,,,,,,,0.0028201378734071,,0.0177476360224784
1953-04-01,-0.0007528777762367822,,0.0022530980097634,,,,0.0384615384615385,,0.0041473755530689,,,,,,,,,,,,,,,
1953-05-01,0.0010905125408942,,0.00037467216185826935,,,,-0.0740740740740741,,0.0055104022900374,,,,,,,,,,,,,,,
1953-06-01,0.0005743711626065018,0.0106796194983034,0.002621722846442,,,,0.0,,-0.0041076112816966,,,,,,,,,,,,,0.0093740235392145,,0.0069580924585832
1953-07-01,0.0003365070567509232,,0.0007471049682479247,,,,0.04,,0.012378764675855,,,,,,,,,,,,,,,
1953-08-01,-0.0009300300775684224,,0.0022396416573349,,,,0.0384615384615385,,-0.0054355225009454,,,,,,,,,,,,,,,
1953-09-01,-0.0023965616272851,0.0032337267254958,0.0014897579143389,,,,0.0740740740740739,,-0.0204920733902163,,,,,,,,,,,,,0.0063460943143121,,-0.0065026903978112
1953-10-01,-0.002541296060991,,0.0022313127556712,,,,0.0689655172413794,,-0.0083693486193421,,,,,,,,,,,,,,,
1953-11-01,-0.0066082802547771,,-0.0037105751391465,,,,0.129032258064516,,-0.023905463807754,,,,,,,,,,,,,,,
1953-12-01,-0.004107557906548,0.011814835981103,0.0007448789571693482,,,,0.2857142857142858,,-0.0244962782340862,,,,,,,,,,,,,0.0133299154063062,,-0.0200890184136278
1954-01-01,-0.004707965313965,,0.0026051358392258,,,,0.088888888888889,,-0.007389257072692,,,,,,,,,,,,,,,
1954-02-01,-0.0017586771513472,,0.0018559762435039,,,,0.0612244897959184,,0.0029766013728813,,,,,,,,,,,,,,,
1954-03-01,-0.0045563160665829,0.0072485097809733,-0.0022230455724341,,,,0.0961538461538462,,-0.0059355350240615,,,,,,,,,,,,,0.0063243106501391,,0.0021521144819829
1954-04-01,0.0004475456191386229,,-0.0025993316004455,,,,0.0350877192982457,,-0.0059709759610057,,,,,,,,,,,,,,,
1954-05-01,-0.0043514508225055,,0.0026061057334325,,,,0.0,,0.006006842674215,,,,,,,,,,,,,,,
1954-06-01,-0.0014295925661186,0.0053698571823337,0.00037133308577796953,,,,-0.0508474576271187,,0.0029854879805031,,,,,,,,,,,,,-0.0058320764203116,,0.0018006573539
1954-07-01,-0.0012271193373555,,-0.0029695619896066,,,,0.0357142857142858,,0.0014910619122039,,,,,,,,,,,,,,,
1954-08-01,-0.00018429405139752664,,-0.00037230081906169943,,,,0.0344827586206897,,-0.001488841956669,,,,,,,,,,,,,,,
1954-09-01,0.0012288534797033,0.0045619851533253,-0.001489757914339,,,,0.0166666666666666,,0.0014910619122039,,,,,,,,,,,,,-0.0099120056640032,,0.0089730735744253
1954-10-01,0.0011455222354048,,-0.0033569563595673,,,,-0.0655737704918032,,0.011888678735477,,,,,,,,,,,,,,,
1954-11-01,0.0048628989416044,,0.0022455089820359,,,,-0.0701754385964913,,0.0161521484428215,,,,,,,,,,,,,,,
1954-12-01,0.0030703538023586,-0.0034110092971006,-0.0003734129947722265,,,,-0.0566037735849056,,0.0130048426279971,,,,,,,,,,,,,-0.0014301767289814,,0.0212017175447003
1955-01-01,0.0033447527923617,,0.0,,,,-0.0199999999999999,,0.022822323631243,,,,,,,,,,,,,,,
1955-02-01,0.0029901406174235,,0.00186776242062,,,,-0.0408163265306122,,0.0125514350042701,,,,,,,,,,,,,,,
1955-03-01,0.0064056079284504,-0.0151394062969223,-0.0011185682326622,,,,-0.0212765957446809,,0.0234166538874407,,,,,,,,,,,,,-0.0124808184143222,,0.0274449173189341
1955-04-01,0.0057243505063848,,0.0,,,,0.0217391304347827,,0.0121122216062055,,,,,,,,,,,,,,,
1955-05-01,0.0052539404553415,,-0.000746547219111604,,,,-0.0851063829787235,,0.0159596517894153,,,,,,,,,,,,,,,
1955-06-01,0.0055036426987646,0.0128412890717906,-0.0022413149047441,,,,-0.0232558139534883,,0.0013066498275611,,,,,,,,,,,,,0.0048689526572049,,0.0204179369222508
1955-07-01,0.0038787162827327,,0.0018719580681392,,,,-0.0476190476190476,,0.0078442216174523,,,,,,,,,,,,,,,
1955-08-01,0.0024319924686684,,-0.0014947683109118,,,,0.05,,-0.0012947881168293,,,,,,,,,,,,,,,
1955-09-01,0.003032615288294,0.0111088250769653,0.004865269461078,,,,-0.0238095238095239,,0.006491972991079,,,,,,,,,,,,,0.0140721649484536,,0.0131183253924598
1955-10-01,0.0031794951819918,,-0.0011173184357542,,,,0.048780487804878,,0.0167740885104914,,,,,,,,,,,,,,,
1955-11-01,0.0031694180326276,,0.0022371364653244,,,,-0.0232558139534883,,0.0025384177039329,,,,,,,,,,,,,,,
1955-12-01,0.0041285470615599,0.0079165341079499,-0.00037202380952372494,,,,0.0,,0.003795636896597,,,,,,,,,,,,,0.0127077720734001,,0.0076299298646564
1956-01-01,0.0032815365312228,,-0.0014886490509863,,,,-0.0476190476190476,,0.0063083805993897,,,,,,,,,,,,,,,
1956-02-01,0.0036940836940837,,0.0011181513231457,,,,-0.025,,-0.0087754380743331,,,,,,,,,,,,,,,
1956-03-01,0.0024344892364904,0.0058211345328307,0.0011169024571855,,,,0.0769230769230771,,0.0,,,,,,,,,,,,,0.0279074436580837,,0.0009291114125622446
1956-04-01,0.0015489348682449,,0.001487541837114,,,,-0.0476190476190476,,0.0075863848553801,,,,,,,,,,,,,,,
1956-05-01,0.0025011933174223,,0.0037133308577794,,,,0.0749999999999999,,-0.0087818142874436,,,,,,,,,,,,,,,
1956-06-01,0.0015236353940502,0.0103839764912168,0.0044395116537179,,,,0.0,,-0.0088596178056709,,,,,,,,,,,,,0.0142585087162458,,0.010222762574733
1956-07-01,-0.0119993914730156,,0.0051565377532227,,,,0.0232558139534884,,-0.0306554813024313,,,,,,,,,,,,,,,
1956-08-01,0.0130112597440092,,0.0007328691828507594,,,,-0.0681818181818183,,0.0408464615053636,,,,,,,,,,,,,,,
1956-09-01,-0.0005130056430621144,0.0057229534456868,0.0014646649578908,,,,-0.0487804878048779,,0.0227832165204155,,,,,,,,,,,,,0.0155505271773146,,0.0010766458977615
1956-10-01,0.0032887232910043,,0.0058500914076782,,,,0.0,,0.0086668565077208,,,,,,,,,,,,,,,
1956-11-01,0.0008336964965800497,,0.0,,,,0.1025641025641026,,-0.0085923875180431,,,,,,,,,,,,,,,
1956-12-01,0.0020446413358323,0.0393009799932306,0.0043620501635768,,,,-0.0232558139534883,,0.0148535315028981,,,,,,,,,,,,,0.0061154830757559,,0.0174629218216033
1957-01-01,-0.000793515841976955,,0.0014477017734346,,,,0.0,,-0.0036612961622013,,,,,,,,,,,,,,,
1957-02-01,0.0039707300470814,,0.0046982291290205,,,,-0.0714285714285715,,0.0097932782499283,,,,,,,0.0035087719298245,,,,,,,,
1957-03-01,0.001111173889297,0.0086756685562683,0.0021582733812948,,,,-0.0512820512820512,,-0.0012100383703615,,,,,,,0.0034965034965033,,,,,,0.0027800028271216,,0.002451599850026
1957-04-01,0.0015426292422304,,0.0025125628140703,,,,0.0540540540540539,,-0.0133490663760258,,,,,,,0.0034843205574912,,,,,,,,
1957-05-01,-0.0016529546564484,,0.0025062656641603,,,,0.0512820512820513,,-0.0036928161260578,,,,,,,0.0,,,,,,,,
1957-06-01,-0.0015616180620884,0.0231321704108944,0.0039285714285715,,,,0.048780487804878,,0.0024694751792546,,,,,,,0.003472222222222,,,,,,0.014049431444413,,-0.0008532804001959438
1957-07-01,0.0010552697533305,,0.0028459622909997,,,,-0.0232558139534883,,0.006156194585108,,,,,,,0.0034602076124568,,,,,,,,
1957-08-01,9.412119044482914e-05,,0.0031926214969848,,,,-0.0238095238095239,,4.542336850654749e-06,,,,,,,0.0,,,,,,,,
1957-09-01,-0.0036515585002259,0.0014193000103852,0.0014144271570013,,,,0.0731707317073173,,-0.0085713507031506,,,,,,,0.003448275862069,,,,,,-0.0008340670033826214,,0.0042967124982666
1957-10-01,-0.0032304379038047,,0.0,,,,0.0227272727272727,,-0.014812269488924,,,,,,,0.0034364261168384,,,,,,,,
1957-11-01,-0.0038852984098705,,0.0031779661016948,,,,0.1333333333333333,,-0.0238104096134529,,,,,,,0.0034246575342467,,,,,,,,
1957-12-01,-0.003310628258305,-0.00038767162657504795,0.0021119324181626,,,,0.019607843137255,,-0.0192556880978695,,,,,,,0.0,,,,,,0.0100171590223996,,-0.0114177302747092
1958-01-01,-0.0058796579108124,,0.0059711977520198,,,,0.1153846153846154,,-0.0183270996259774,,,,,,,0.0,,,,,,,,
1958-02-01,-0.0096013518703433,,0.0020949720670391,,,,0.1034482758620689,,-0.0213313408907603,,,,,,,0.0034129692832762,,,,,,,,
1958-03-01,-0.0053707150612688,0.0103242477667069,0.0059233449477351,,,,0.046875,,-0.0122607262394709,,,,,,,0.0034013605442178,,,,,,0.013958400293861,,-0.0222934149146974
1958-04-01,-0.0053022476071658,,0.0024246622791825,,,,0.1044776119402985,,-0.0165539693183388,,,,,,,0.0,,,,,,,,
1958-05-01,-0.002214513884806,,0.0,,,,0.0,,0.0098164235115312,,,,,,,0.0,,,,,,,,
1958-06-01,0.0,0.0191478014727499,-0.0010366275051831,,,,-0.0135135135135135,,0.0263899841763182,,,,,,,0.0033898305084745,,,,,,-0.0099624145270116,,0.0029906684550924
1958-07-01,0.0024551203991043,,-0.0006918021445866396,,,,0.0273972602739727,,0.0148845244133319,,,,,,,0.0,,,,,,,,
1958-08-01,0.0038010149101668,,0.0017307026652821,,,,-0.0133333333333333,,0.0200002968871382,,,,,,,0.0,,,,,,,,
1958-09-01,0.0053285968028418,0.0169743426884125,-0.0010366275051831,,,,-0.0405405405405406,,0.0091540174348376,,,,,,,0.0033783783783782,,,,,,0.0042995014407904,,0.0232949084949263
1958-10-01,-0.00040771948899154253,,0.0,,,,-0.056338028169014,,0.0116571966965668,,,,,,,0.0,,,,,,,,
1958-11-01,0.0089152180246674,,0.0013836042891732,,,,-0.0746268656716417,,0.0294510361081676,,,,,,,0.0033670033670034,,,,,,,,
1958-12-01,0.0027144617280148,0.0062138921486549,0.000690846286701241,,,,0.0,,0.0012416397029297,,,,,,,0.0033557046979864,,,,,,-0.0126611103520518,,0.0232597900298647
1959-01-01,0.0075453585485263,,0.001380738695202,,,,-0.0322580645161291,,0.0149042495320812,,,,,,,0.0,,,,,,,,
1959-02-01,0.0040016768931743,,-0.00034470872113068207,,,,-0.0166666666666666,0.0060350030175015,0.0195865564998569,0.0030116358658451,,,,,,0.0,0.0007790028763183798,0.0009350455055476824,,,,,,
1959-03-01,0.0061873671424232,0.0049688879606064,-0.0010344827586207,,,,-0.0508474576271187,-0.0281943611277744,0.0144032646805931,0.0057322232837451,,,,,,0.0033444816053511,0.0010777797736662,0.0006850594756182549,,,,0.0086258591263435,,0.0211027278003483
1959-04-01,0.0057909231523749,,0.00034518467380051376,,,,-0.0714285714285712,-0.0185185185185184,0.0213047220855877,0.0064685393766681,,,,,,0.0,0.0025719241581434,0.0019915359721185,,,,,,
1959-05-01,0.0042947431593556,,0.0020703933747412,,,,-0.0192307692307693,-0.0578616352201257,0.0150636215474722,0.005438202247191,,,,,,0.0033333333333334,0.0012528337907171,0.000559006211180213,,,,,,
1959-06-01,0.0024463118580766,0.0077971803750098,0.0024104683195591,,,,-0.0196078431372548,0.0033377837116155,0.0011395890701122,0.0033525546466406,,,,,,0.0033222591362125,0.0029196210451052,0.0028555465888633,,,,-0.0011890606420927,,0.0272772045148299
1959-07-01,0.002291313500121,,0.0013740982480248,,,,0.02,0.0292747837658018,-0.0239464452710108,-0.0016038492381715,,,,,,0.0,0.0023170152091254,0.0021046115753635,,,,,,
1959-08-01,-0.0086982380492156,,0.0010291595197255,,,,0.019607843137255,-0.0756302521008402,-0.0338767016387755,-0.0058456046407853,,,,,,0.0,0.001659652658408,0.0014207177713261,,,,,,
1959-09-01,0.0017249137543122,0.0057293019130506,0.0023989033584648,,,,0.0576923076923077,0.0769230769230768,-0.0012071116376332,0.00040396786211238656,,,,,,0.0033112582781458,0.0026037043612048,0.0026523562792992,,,,0.0044413919413919,,-0.0082130966285718
1959-10-01,-0.0013101744403682,,0.0034188034188034,,,,0.0363636363636363,-0.12012987012987,-0.0072649015846201,0.00071787508973431,,,,,,0.0033003300330032,0.0017116213185386,0.0023992617656107,,,,,,
1959-11-01,0.0051726076689531,,0.0,,,,0.0175438596491226,0.0450184501845019,0.0060961259956553,0.0072184361549496,,,,,,0.0,0.001826537827009,0.000613722842764064,,,,,,
1959-12-01,0.0100682402953351,0.0074332734449715,0.0020442930153321,,,,-0.086206896551724,0.1306497175141243,0.0618199157021597,0.0097039839750723,,,,,,0.0032894736842106,0.0015291419161325,0.0011653581943082,,,,0.0127638236768927,,0.0068277986069706
1960-01-01,0.0018459039391589,,-0.0013600816048963,,,,-0.0188679245283017,-0.0880699562773267,0.0262529125185342,0.00216020808535,,,,,,0.0,0.0002348934171121364,-0.0005513692335967768,,,,,,
1960-02-01,0.0044035818255518,,0.0013619339462036,,,,-0.0769230769230769,0.0294520547945205,-0.0088958789995334,0.00017596339961301055,,,,,,0.0032786885245901,0.0018787060412142,0.0010420497732008,-0.0036630036630036,,,,,
1960-03-01,-0.0010823106414983,0.0030399532064926,0.0,,,,0.1250000000000002,-0.262142381902861,-0.0089798910417672,0.0011875439831106,,,,,,0.0,0.00011719894520934028,0.0005510991366113327,-0.1222426470588234,,,-0.0018454336769141,,0.02224308185338
1960-04-01,0.0065927204613067,,0.0044202652159128,,,,-0.037037037037037,0.1623083859332732,-0.007926501244032,0.0038219918288449,,,,,,0.0,0.0018163707740082,0.0036719706242349,0.0638743455497381,,,,,
1960-05-01,-0.0061664203747285,,0.0010155721056195,,,,-0.0192307692307693,-0.0139643134212568,-0.0011438254607075,0.0022319474835885,,,,,,0.0,0.0015791320622295,0.0010365853658538,0.0354330708661416,,,,,
1960-06-01,-0.0023313446535108,0.0017488297760155,0.0013527223537368,,,,0.0588235294117649,-0.018882769472856,-0.0125710408007464,0.0009169905244312826,,,,,,0.0032679738562091,0.0006423357664233631,0.0004263872814764813,-0.0893536121673004,,,0.0223665223665223,,-0.00016917699058571767
1960-07-01,-0.0007727975270479526,,-0.0020263424518742,,,,0.0185185185185183,-0.0400962309542902,-0.0034705518521064,0.0016141697932119,,,,,,-0.0032573289902279,0.001750700280112,0.0017657087189477,0.0427974947807934,,,,,
1960-08-01,-0.0006260818325783957,,0.0020304568527917,,,,0.018181818181818,0.1228070175438595,-0.0011637529740353,-0.0023084629121478,,,,,,0.0,0.0014563672375624,0.0017018172977574,-0.005005005005005,,,,,
1960-09-01,-0.0008291568396225912,0.010927954159291,0.0,,,,-0.0178571428571427,-0.1837797619047618,-0.0104644037663222,0.0014406705666638,,,,,,0.0,0.0007562096445816735,0.0006067592985861125,-0.0100603621730381,,,-8.821453775575971e-05,,3.726188661823393e-05
1960-10-01,-0.001567484832279,,0.0047281323877068,,,,0.1090909090909091,0.1358249772105741,-0.0011730691238612,0.0036618858712236,,,,,,0.0065359477124182,0.0005812601720529553,0.0011521435934753,-0.0121951219512195,,,,,
1960-11-01,-0.0033430608400133,,0.0010084033613446,,,,0.0,0.0,-0.014119557814219,-0.0041263084741345,,,,,,0.0,0.0026722435227142,0.0033313143549362,0.007201646090535,,,,,
1960-12-01,-0.0040584866848278,0.0015045618810949,0.0010073875083949,,,,0.0819672131147541,-0.1468699839486356,-0.0190912714228776,-0.0045359385903699,,,,,,-0.0032467532467532,-0.0002896871378912369,0.00024147298520960092,-0.0286006128702758,,,0.0176444640494044,,-0.0054278161835781
1961-01-01,-0.0010978378177216,,0.0010063737001007,,,,0.0,0.1128880526810911,0.0012144524354511,0.009682790045566,,,,,,0.003257328990228,0.00023181686467688145,0.00012070734504199264,0.0189274447949527,,,,,
1961-02-01,-0.0023471117485982,,0.0,,,,0.0454545454545456,0.0363482671174979,-0.00121297932975,0.0041657626383162,,,,,,0.0,0.0009849933368097918,0.000965542212298498,-0.0082559339525283,,,,,
1961-03-01,0.0019045129488208,0.0208621747934256,0.0,,,,0.0,0.0701468189233278,0.0060812915633932,0.00423490773951,,,,,,0.0032467532467532,0.0003473026163463011,-0.0005425935973956131,0.0405827263267428,,,-0.0040312093628088,,0.0020362521046541
1961-04-01,-0.00059635848599493,,-0.0010053619302949,,,,0.0144927536231882,-0.111280487804878,0.0205567970706226,0.0020224622401996,,,,,,0.0,0.0013887281564635,-0.0006032090722642991,0.002,,,,,
1961-05-01,0.0029649243851044,,0.0010063737001007,,,,0.0142857142857142,0.053173241852487,0.015402744616954,0.0081594090870049,,,,,,0.0,0.0012712354096844,0.0005432158377596252,0.0249500998003993,,,,,
1961-06-01,0.0035511099542631,0.0173271043734131,0.0,,,,-0.0281690140845068,0.1254071661237785,0.0140042437102152,0.0102658033736582,,,,,,0.0032362459546926,0.0015004616805169,0.0004825963684622625,0.041869522882181,,,-0.0119684902293597,,0.0168793271682423
1961-07-01,0.0027048557719029,,0.002680965147453,,,,0.0144927536231882,-0.0340086830680174,0.0115047573495499,0.0034152717460051,,,,,,0.0,0.0015558372709463,0.0021706361169731,0.0121495327102802,,,,,
1961-08-01,0.0032333758291298,,0.0006684491978610207,,,,-0.0571428571428571,-0.0172284644194756,0.0091025002322064,4.2020337843506894e-05,,,,,,0.0032258064516128,0.0010356136010587,0.0008423079237112052,0.0701754385964912,,,,,
1961-09-01,0.001657519613982,0.0082748871502642,0.0013360053440214,,,,0.0151515151515151,0.0891768292682926,-0.0011254570861957,0.0008823900163872356,,,,,,0.0,0.0020116098626357,0.0011421701232341,-0.0526315789473684,,,-0.0093383842833232,,0.0161202682311372
1961-10-01,0.0024637787747296,,0.0,,,,-0.0298507462686566,-0.0097970608817354,0.0191836478250853,0.010579345088161,,,,,,0.0,0.000344155099231358,-0.00012009126936463056,0.0227686703096539,,,,,
1961-11-01,0.0040350684127508,,0.0,,,,-0.0615384615384615,-0.0212014134275618,0.015506010479811,0.0092638750415421,,,,,,0.0032154340836012,0.0001720183486237925,6.0052846504676793e-05,0.0258236865538734,,,,,
1961-12-01,0.0023747762230097,0.0058453601613004,0.0010006671114075,,,,-0.0163934426229507,-0.0144404332129963,0.0087212361087503,0.0060917884338342,,,,,,0.0,0.0008599438170038276,0.00030024620188573437,0.0078125,,,-0.0012005335704756,,0.0236950617690387
1962-01-01,0.0003462603878117143,,0.0009996667777407708,,,,-0.0333333333333333,-0.0029304029304029,-0.0086458337512487,-0.0024956020128463,,,,,,0.0,0.0011456065986941,0.0018609677032055,-0.0335917312661498,,,,,
1962-02-01,0.0054107230693556,,0.0023302263648468,,,,-0.0517241379310344,-0.0609845701689933,0.0163578822977117,0.0044705110327289,,,,,,0.0,0.0016592287447076,0.0026963868416323,0.0641711229946524,,,,,
1962-03-01,0.0015764296586213,0.0125077857331394,0.0019926934573231,,,,0.018181818181818,0.1291079812206572,0.0053635422473519,0.0066555061042832,,,,,,0.0032051282051281,0.002341920374707,0.0013146886578223,-0.050251256281407,,,-0.00044517651248732193,,0.012121747670984
1962-04-01,0.0059158751696064,,0.0013258203513424,,,,0.0,0.0561330561330561,0.0021347633739559,0.0044211892593495,,,,,,0.0,0.0001709596535217628,0.0011339221771304,0.0890652557319224,,,,,
1962-05-01,0.00046760907881004954,,0.0009930486593843213,,,,-0.0178571428571427,-0.0269028871391076,-0.0010670840150814,0.000565359609093985,,,,,,0.0031948881789136,0.0014244202609539,0.0006557377049181135,-0.0753036437246963,,,,,
1962-06-01,0.0002876249370820094,-0.011751542008039,-0.0009920634920633775,,,,0.0,-0.0532703978422117,-0.0021285350298311,0.00016144004520324273,,,,,,0.0,0.001820664542558,0.0005957345406886194,0.0105078809106831,,,0.0108226072239789,,0.0111112256126115
1962-07-01,0.0018330817338796,,0.00033101621979469975,,,,-0.018181818181818,0.0327635327635327,0.009614698395832,0.0043581776360921,,,,,,0.0,0.0008518855065879904,-0.0005358418671111975,0.0303292894280762,,,,,
1962-08-01,0.0016503426254799,,0.0019854401058903,,,,0.0555555555555555,0.0462068965517241,0.0010563808940358,0.0009642814094579232,,,,,,0.0031847133757962,0.00017023208307320736,0.0014296777268125,0.0092514718250631,,,,,
1962-09-01,0.002507253125112,0.0074897132900413,0.0046235138705417,,,,-0.0175438596491228,-0.127224785761371,0.0063433655536027,0.0002809778027534904,,,,,,0.0,0.001928968569159,0.0049372434715364,0.0191666666666667,,,-0.0094289742685936,,0.0101185656612554
1962-10-01,0.0011254421379827,,-0.0013149243918475,,,,-0.0357142857142855,0.1578549848942598,0.0010525125814235,0.0049357945425361,,,,,,0.0,-5.662514156290488e-05,-0.0010654670297145,-0.0343417825020441,,,,,
1962-11-01,0.00026766117663856726,,0.0,,,,0.0555555555555555,0.0580560991519896,0.004193941565193,0.0027552609511638,,,,,,0.0,0.0007361685259641426,0.0007703247214978504,0.0465707027942421,,,,,
1962-12-01,-0.0004995004995005381,-0.0048769458752543,0.0,,,,-0.0350877192982456,-0.0357583230579531,0.0,0.0046591271105449,,,,,,0.0031746031746031,0.00028293345405150383,-0.0004144709574277483,0.0,,,0.0016457610532869,,0.0117170563243265
1963-01-01,0.0015527950310558,,0.0019749835418039,,,,0.0363636363636363,-0.2046035805626598,0.0073135925793792,0.0072139204883268,,,,,,-0.0031645569620253,0.0019234032924138,0.0024286222011609,0.0097087378640776,,,,,
1963-02-01,0.0020493629154414,,0.0013140604467805,,-0.2148900169204738,,0.0350877192982457,0.1704180064308682,0.01141429462354,-0.0059029554130101,,,,,,0.0031746031746031,0.001129241714189,0.0010636411983691,-0.0288461538461538,,,,,
1963-03-01,0.0016005690912324,0.0096770463932625,0.0009842519685039353,,-0.0064655172413793,,-0.0338983050847457,0.0535714285714286,0.0061546776692156,0.0042357784727447,,,,,,0.0031645569620253,0.0006203823811403719,-0.0007673691045391173,0.0379537953795379,,,0.0070162973489054,,0.0086609468145728
1963-04-01,0.0046164772727272,,-0.000983284169124965,,0.3123644251626898,,0.0,0.1010430247718383,0.0091736525133916,0.0040602333648689,,,,,,0.0,0.0011836320595197,-5.9073724007596695e-05,0.0238473767885532,,,,,
1963-05-01,0.0006362672322375307,,0.0009842519685039353,,-0.031404958677686,,0.0350877192982457,-0.0284191829484902,0.0121190992956452,0.0038475128577599,,,,,,0.0,0.0018014974947926,0.0015950847758019,0.0481366459627328,,,,,
1963-06-01,0.00075950261410207,0.022551695306433,0.0032776138970829,,-0.1023890784982934,,-0.0508474576271187,-0.0322973796465569,0.0029962741016733,0.005045171887833,,,,,,0.003154574132492,0.001742062377072,0.0021823758405095,-0.0037037037037036,,,-0.0024694624509414,,0.0145565912512144
1963-07-01,0.0023826753031293,,0.0026135249918328,,0.2642585551330798,,0.0,0.0163727959697732,-0.0039806359416715,0.0010895789555607,,,,,,0.0,0.0008975653539773365,0.0020010593843799,-0.0178438661710037,,,,,
1963-08-01,0.0020424692749234,,0.0019550342130987,,-0.1428571428571429,,-0.0357142857142855,0.0154894671623295,0.0019982723656357,0.0040037316333672,,,,,,0.0031446540880502,0.0008967604528640205,0.0013509544787078,-0.0083270249810749,,,,,
1963-09-01,0.0029520295202951,0.0230404046597469,-0.0009756097560975618,,0.0350877192982457,,0.0185185185185183,0.0756558877364246,0.0099677362064882,0.007510937318518,,,,,,0.0,0.0017919139881286,-0.00023463162834336249,0.0786259541984732,,,-0.014013527253437,,0.0135015072960926
1963-10-01,0.0035915764392584,,0.0009765625,,-0.0389830508474576,,0.0,0.0090754395916052,0.0069129488654262,0.0057641317296237,,,,,,0.0031347962382446,0.0022358859698154,0.001994836892748,0.0007077140835103357,,,,,
1963-11-01,-0.0004888012150201515,,0.0009756097560975618,,0.0211640211640211,,0.0363636363636363,-0.0882518268690275,0.0049008015193576,0.0021396095212622,,,,,,0.0,0.0009481316229782432,0.0014053167818246,-0.0403111739745403,,,,,
1963-12-01,0.0018513666928652,0.0196109806320008,0.0032488628979856,,-0.1122625215889464,,-0.0350877192982456,-0.0807644882860666,-0.0019514844315714,0.0080445308627854,,,,,,0.003125,0.0013929904719451,0.0014618173313061,0.0486366985998525,,,0.0121502869440459,,0.008683442190204
1964-01-01,0.0021966144244347,,0.0019430051813471,,0.0680933852140077,,0.018181818181818,0.0751173708920187,0.0087970369402998,0.0033282904689864,,,,,,0.0031152647975078,0.0013910527487202,0.0021019442984762,-0.0892480674631061,,,,,
1964-02-01,0.0046271330909597,,-0.0009696186166774368,,0.1092896174863387,,-0.0357142857142855,0.1353711790393013,0.0067820746100126,0.0031664656212302,,,,,,0.0,0.0018892037561815,0.0014566218027149,0.1126543209876542,,,,,
1964-03-01,0.0024933769674302,-0.010895640870053,0.0009705596894209468,,-0.077175697865353,,0.0,-0.1664835164835164,0.0,0.0237486848038479,,,,,,0.0,0.0009428206976873632,0.0005818012566907171,-0.0894590846047156,,,-0.0093466223698781,,0.016654940383967
1964-04-01,0.00043180130231279534,,0.0003232062055591456,,-0.0053380782918149,,-0.0185185185185186,-0.045484508899143,0.0163623505207664,0.0053956834532373,,,,,,0.0,0.0009419326241135728,0.0007559018490521652,-0.0373191165270373,,,,,
1964-05-01,0.0028831877352302,,0.0009693053311794486,,-0.0644007155635062,,-0.0377358490566037,0.0131215469613259,0.0056825969151617,0.0052572012704903,,,,,,0.0,0.0008303349017435568,0.00011620475277451804,0.0276898734177215,,,,,
1964-06-01,0.0022379452219869,0.0233810955984283,0.0009683666881858954,,0.1089866156787762,,0.019607843137255,0.056578050443081,0.0028234965230458,0.0033048846922099,,,,,,0.0031055900621115,0.0007190265486727299,0.0013942950095855,-0.014626635873749,,,0.0055893400107316,,0.0147896251230361
1964-07-01,0.0033150689637404,,0.00032247662044504466,,-0.0086206896551723,,-0.0576923076923077,0.007741935483871,0.0065754169309146,0.0047419097951204,,,,,,0.0,0.0009948598905653585,0.0012763241863433,0.01875,,,,,
1964-08-01,0.0035437923714305,,0.0009671179883945502,,0.0121739130434783,,0.0204081632653061,0.0044814340588987,0.0065290014366572,0.0044313146233383,,,,,,0.0,0.0013251615040583,0.0008111709832550051,0.0015337423312884,,,,,
1964-09-01,0.0048448455279004,0.0057291648606976,0.000966183574879098,,0.0137457044673539,,0.02,-0.0726577437858508,0.0037076398705422,0.0039813486370157,,,,,,0.0,0.0004411359250069413,0.0015052393909569,-0.0313935681470137,,,0.0028458357419183,,0.0141765023696804
1964-10-01,-0.0018674770385209,,0.0012870012870014,,-0.011864406779661,,0.0,0.0474226804123711,-0.0138505768789256,-0.0003215319209746159,,,,,,0.0030959752321981,0.00033070605743268366,0.0006358749060639823,-0.0276679841897232,,,,,
1964-11-01,0.0072287517221438,,0.0028920308483291,,-0.0600343053173242,,-0.0588235294117647,-0.0249343832020997,0.0308978515360318,0.0064684439997142,,,,,,0.0030864197530864,0.0014876852719156,0.0013864818024262,0.0195121951219512,,,,,
1964-12-01,0.003428011753183,-0.0218309714809362,0.0012816404998396,,-0.0145985401459853,,0.0416666666666667,-0.0013458950201884,0.0118073743001696,0.0096225544153676,,,,,,0.0,0.0013754401408452,0.0014422522210686,-0.0717703349282297,,,0.0171152396576952,,0.0096099336729322
1965-01-01,0.0027094798135338,,0.000960000000000072,,-0.0129629629629629,,-0.0199999999999999,-0.0828840970350404,0.0107734640984469,0.0019343040022508,,,,,,0.0030769230769231,0.0013735509037964,0.0010945330952243,0.0859106529209621,,,,,
1965-02-01,0.0036588231345036,,0.0,,0.048780487804878,,0.040816326530612,0.0529022777369581,0.0062158884172225,0.00024570887009023323,,,,,,0.0,0.0012070668276089,0.0004028081482334578,-0.0625,,,,,
1965-03-01,0.0033946488294314,0.0085874356260664,0.0009590792838873874,,-0.0053667262969588,,-0.0784313725490195,-0.0069783670621074,0.0132393498896175,0.003333801235261,,,,,,0.0,0.0005480052608504149,0.0013229795800977,0.0219409282700422,,,-0.0100265922664457,,0.0223089263780613
1965-04-01,0.0042664533439995,,0.0022357074417118,,-0.0017985611510791,,0.0212765957446807,0.0105411103302881,0.0043543757111823,0.001049281242349,,,,,,0.0030674846625766,0.0012049512542449,0.0015510110294116,-0.0404624277456647,,,,,
1965-05-01,0.0038500472958395,,0.0031867431485022,,-0.0198198198198198,,-0.0416666666666667,0.0278164116828929,0.0078051826412737,0.0110757835156005,,,,,,0.0,0.0018599562363237,0.0022368798394036,0.0387263339070567,,,,,
1965-06-01,0.0032897455819873,0.0108873368994781,0.0041296060991105,,0.1286764705882352,,0.0,0.006765899864682,0.0077447335811648,0.0014513788098693,,,,,,0.0,-0.00027301517964395394,0.0029186219526151,0.028169014084507,,,0.0020696640098638,,0.0127543432957433
1965-07-01,0.0045312242544075,,-0.000949066751028238,,-0.0977198697068404,,-0.043478260869565,0.0275537634408602,0.0093965601934455,0.0104554865424431,,,,,,0.0,0.0009831230542356462,0.000741797432239677,-0.0032232070910556,,,,,
1965-08-01,0.0043139506274092,,-0.0009499683343887622,,0.1101083032490974,,0.0,-0.0634401569653367,0.0042291197026114,0.0049516784482463,,,,,,0.0,0.0019097506411303,0.00022807617744335928,0.0097008892481811,,,,,
1965-09-01,0.0042790879989547,0.0014623434657636,0.0022187004754359,,-0.0455284552845528,,-0.0227272727272728,0.0349162011173185,0.0025261604549589,0.0261315753703954,,,,,,0.003058103975535,0.0011981265657337,0.0004560483411240046,-0.0176140912730183,,,-0.0095359465635436,,0.0141083738690022
1965-10-01,0.0037241827939502,,0.000948766603415585,,-0.0545144804088586,,-0.0232558139534883,-0.020242914979757,0.0100854173098692,-0.0049011491207735,,,,,,0.0,-0.0003807658833768768,0.0003418803418804295,0.0423797881010594,,,,,
1965-11-01,0.0044880830862457,,0.0031595576619274,,0.1099099099099099,,-0.0238095238095239,0.0055096418732782,0.0041587551521327,0.0070884222436686,,,,,,0.0030487804878049,0.001850138760407,0.0016518569150147,0.0211102423768569,,,,,
1965-12-01,0.005258403767985,0.0082040710856639,0.0031496062992126,,-0.0113636363636363,,-0.0243902439024389,0.1342465753424657,0.0124276692432097,0.004130592822682,,,,,,0.0030395136778116,0.0030416598772471,0.0036394654535114,0.0068912710566615,,,-0.0024845822796042,,0.021876839075726
1966-01-01,0.0033214595167034,,0.0009419152276295416,,-0.0164203612479474,,0.0,-0.1727053140096618,0.0098213092649506,0.0006581761937671793,,,,,,0.0,0.0003249038826014239,0.0011898691143974,0.0076045627376426,,,,,
1966-02-01,0.004270018711318,,0.0062735257214554,,-0.0968280467445742,,-0.05,0.0058394160583941,0.0064838595203866,0.0041766698457592,,,,,,0.0030303030303031,0.0024359876576627,0.0041312959818899,-0.1252830188679244,,,,,
1966-03-01,0.0063061341486718,0.0098001840212149,0.0031172069825435,,0.0295748613678372,,0.0,0.0116110304789549,0.013684959094522,0.0039300451955197,,,,,,0.0,0.0012960362890162,0.0024234909541793,0.0647109577221742,,,0.0036916781568294,,0.0219180424922282
1966-04-01,0.003877073047221,,0.0031075201988812,,-0.0215439856373429,,0.0,-0.0301291248206599,0.0015887800880756,-0.0038167938931298,,,,,,0.0060422960725075,0.0035594865710277,0.003485887776903,-0.0721231766612642,,,,,
1966-05-01,0.0043350095370209,,0.0021685254027261,,-0.0844036697247706,,0.0263157894736842,-0.0643491124260354,0.0095175592198779,0.0016046108000131,,,,,,0.003003003003003,0.002633276010318,0.0012326311071269,-0.0585152838427948,,,,,
1966-06-01,0.0062625565042691,0.0191958699932139,0.0009273570324574988,,-0.1302605210420842,,-0.0256410256410256,-0.0561264822134387,0.004710999425701,0.0041849212057805,,,,,,0.0029940119760478,0.0032695503028354,0.002518186905428,-0.1131725417439702,,,0.0230435167951785,,0.0066634171857908
1966-07-01,0.0029636099889254,,0.0021618282890674,,0.0023041474654377,,0.0,-0.0904522613065326,0.0054752308910959,0.003418636452432,,,,,,0.0029850746268658,0.0029383481141147,0.0018978509628804,-0.0251046025104602,,,,,
1966-08-01,0.003203682679896,,0.0061633281972264,,-0.1333333333333333,,0.0,0.0303867403314916,0.00077626756702176,0.0051591550666796,,,,,,0.0029761904761904,0.0018111117029775,0.0038442253050308,-0.0590128755364807,,,,,
1966-09-01,0.0021082983242128,0.0304981098764389,0.003062787136294,,-0.0503978779840849,,-0.026315789473684,-0.0652368185880249,0.0093252864050934,0.005939699141326,,,,,,0.0029673590504448,0.0030839581007071,0.0031635031635031,-0.1174458380843785,,,0.0110456553755524,,0.0068911590673825
1966-10-01,0.0032640811843509,,0.0030534351145039,,0.0810055865921788,,0.0,-0.1940726577437859,0.0069279182248531,0.0032411270136705,,,,,,0.0059171597633136,0.0032865094089584,0.0026556016597512,-0.0452196382428941,,,,,
1966-11-01,0.002544176149505,,0.0009132420091324532,,-0.0129198966408268,,-0.027027027027027,0.1399762752075919,-0.0068802523988673,0.0046060838691104,,,,,,0.0,0.0025360595974006,0.0014898195662969,-0.0040595399188092,,,,,
1966-12-01,0.0027684215383194,0.0056792823835802,0.0012165450121655,,-0.0340314136125654,,0.0555555555555555,0.0301768990634756,0.002308353783786,-0.0008596809628426128,,,,,,0.0029411764705882,0.0030039525691698,0.0020385674931131,0.0095108695652172,,,0.0071976350627651,,0.0088507531598476
1967-01-01,0.0031902329790334,,-0.0006075334143378353,,0.127371273712737,,0.0263157894736842,0.0777777777777777,0.0047172365829535,0.0102613129381772,,,,,,0.002932551319648,0.0009457755359394416,5.498432946593468e-05,0.3391655450874831,,,,,
1967-02-01,0.00033635543596255424,,0.0030395136778116,,-0.0192307692307692,,-0.0256410256410256,0.0524835988753513,-0.0113419726748672,0.0019241688221565,,,,,,0.0,0.0017847769028871,0.0011546074334727,-0.0884422110552763,-0.0158317130960664,,,,
1967-03-01,0.0015436580109737,0.0095699288643793,0.0,,0.0759803921568627,,0.0,-0.0596616206589492,-0.0056356134038073,0.0075244781664198,,,,,,0.0029239766081869,0.0015195975686439,0.0006040968751714892,0.0529217199558986,-0.0101335606706449,,0.005487260198222,,0.0058346511248867
1967-04-01,-0.0009766519151533926,,0.0030303030303031,,0.0911161731207288,,0.0,0.0331439393939394,0.0094305320690035,-0.00031248046997067735,,,,,,0.0029154518950438,0.0027206613299848,0.0015916575192096,0.0837696335078534,0.0048849667273362,,,,
1967-05-01,0.0023523661137079,,0.0,,0.0501043841336117,,0.0,0.1952337305224565,-0.008724935820836,0.0020317579394848,,,,,,0.002906976744186,0.0022436733629009,0.0019727108334703,0.0396135265700483,-0.013167803503415,,,,
1967-06-01,0.0019811033221579,0.0195942946093541,0.0060422960725075,,-0.0079522862823061,,0.0263157894736842,-0.0429447852760735,-0.0001240086517664274,0.0036809433197118,,,,,,0.0028985507246377,0.0025510204081633,0.0031719989062073,0.0864312267657991,-0.0045891107338639,,0.0123952957102968,,0.0055027298038745
1967-07-01,0.0020988593155892,,0.003003003003003,,0.032064128256513,,-0.0256410256410256,0.0929487179487178,-0.0022756967698949,0.0040093240093239,,,,,,0.0028901734104047,0.0033753959599105,0.0033800359810283,0.0068434559452523,-0.006712400957186,,,,
1967-08-01,0.0038702039825158,,0.0029940119760478,,-0.0213592233009708,,0.0,0.0315249266862169,0.0191577194595251,0.0035908865775136,,,,,,0.0057636887608067,0.0031052686057344,0.0031513175767454,0.0441801189464741,0.0146468923079805,,,,
1967-09-01,0.00031749391469992894,0.0031451907552622,0.0029850746268658,,0.0535714285714286,,0.0,0.0099502487562188,-0.0016253244266688,-0.00012338062924122095,,,,,,0.0028653295128939,0.0035084098648228,0.0030330932134536,0.0406834825061024,-0.0060218921230603,,0.0083573607454765,,0.0105097384524852
1967-10-01,0.0009219515144187618,,0.0029761904761904,,0.0659133709981167,,0.0526315789473683,0.0492610837438423,0.0081455343038649,0.0015424481737413,,,,,,0.0028571428571428,0.0037532133676092,0.0027539283978617,0.0007818608287724071,0.0037195658687154,,,,
1967-11-01,0.007217818044545,,0.0059347181008901,,-0.1166077738515901,,-0.025,0.0315224681421864,0.0143022610254228,0.0060370849504096,,,,,,0.0028490028490029,0.0031757414331814,0.0033387183629509,0.0132812499999999,0.0098701298701298,,,,
1967-12-01,0.0029533904022307,-0.0052589853628965,0.0029498525073747,,0.004,,-0.0256410256410256,-0.1495448634590377,0.0107692393182816,0.0018063805033372,,,,,,0.0056818181818181,0.002450855246362,0.0015564620008587,0.0138781804163454,0.0063710394383496,,0.0107330819278106,,0.0100871639471502
1968-01-01,-0.0014349775784753,,0.0029411764705882,,-0.0159362549800796,,-0.026315789473684,0.0550458715596329,-0.0010747958987327,0.005378808716115,,,,,,0.0028248587570622,0.0044313146233383,0.0046621295750495,-0.1034220532319392,-0.0052093709479665,,,,
1968-02-01,0.0061523262080114,,0.002932551319648,,0.0991902834008098,,0.0270270270270269,0.1014492753623188,0.0035828386979601,0.007234702252485,,,,,,0.0056338028169014,0.0043103448275862,0.0040537657350117,0.1382527565733673,-0.0004005305312979601,,,,
1968-03-01,0.0011902105184855,0.0032890157607756,0.0029239766081869,,-0.0976058931860036,,-0.026315789473684,-0.0355263157894737,0.0031203643532646,0.0094462049192696,,,,,,0.002801120448179,0.0039888916940167,0.0032936676583084,0.0208643815201192,-0.0008483201315182543,,0.0043870438704387,,0.0148367020656812
1968-04-01,0.0038784456497511,,0.0029154518950438,,0.0224489795918367,,-0.054054054054054,0.0600272851296044,0.0014487247122367,0.0034680698397511,,,,,,0.0027932960893854,0.0036712935023135,0.0031240072011013,-0.0613138686131387,-0.0024989974219422,,,,
1968-05-01,0.00142104328261,,0.002906976744186,,-0.1197604790419161,,0.0,-0.0939510939510939,0.0112154685576564,0.0040817542605171,,,,,,0.0027855153203342,0.0038081876033471,0.0036949063077329,0.0085536547433904,0.0072458357694795,,,,
1968-06-01,0.003739726837344,0.0019705097429736,0.0057971014492754,,0.0,,0.0571428571428571,-0.0021306818181817,0.0036736324424122,0.004510251921308,,,,,,0.0055555555555555,0.0038935756002596,0.003155403628714,0.0023130300693909,-0.000252030786530022,,0.0068988039351758,,0.0150888722474915
1968-07-01,0.0032545467933142,,0.0057636887608067,,0.1179138321995465,,0.0,0.0761565836298932,-0.0015329215063508,-0.002067763566006,,,,,,0.0055248618784529,0.0033315101188404,0.0030930537352555,0.0338461538461538,-0.0054251610665985,,,,
1968-08-01,0.0029944514575932,,0.0028653295128939,,0.0283975659229209,,-0.054054054054054,-0.0112433862433862,0.0027904295807084,0.0013024302163808,,,,,,0.0027472527472527,0.0039151551194369,0.0040765130134838,0.009672619047619,-0.0011033375387085,,,,
1968-09-01,0.0022537684765111,-0.0074106361293506,0.0028571428571428,,-0.0118343195266271,,-0.0285714285714285,0.0408026755852843,0.0037872174695476,0.00011824873621657515,,,,,,0.0054794520547944,0.004047983413141,0.003487403706017,0.0788504053058216,-9.300317588623042e-05,,0.0158112381415713,,0.0135728693145384
1968-10-01,0.0034606623444892,,0.0056980056980056,,0.0019960079840319,,0.0,0.0083547557840617,0.0019854702112573,0.0035470426531878,,,,,,0.0054495912806538,0.0040808299326418,0.0044089423725297,-0.0293715846994535,-0.0018763126437519,,,,
1968-11-01,0.003827068872688,,0.0028328611898016,,-0.0657370517928287,,0.0,0.0388782664117273,0.0129360647550986,0.0037406851050043,,,,,,0.005420054200542,0.0037214768387032,0.0034083866969634,0.0105559465165376,0.0090471605100186,,,,
1968-12-01,0.0038269743708685,0.0186492560527422,0.0056497175141243,,0.0895522388059701,,0.0,-0.0503067484662577,0.0031584414488756,0.0034626445213921,,,,,,0.0026954177897573,0.0030246853351545,0.002058672156459,-0.0327298050139275,-0.0006783819621086762,,0.0223499361430394,,0.0067707480948584
1969-01-01,0.0027582024029575,,0.002808988764045,,-0.0606653620352251,,0.0,0.1427648578811369,0.0060499501969781,-0.0018130775529301,,,,,,0.0026881720430105,0.0037937743190663,0.0039034411915768,0.0503959683225341,0.0023137689790666,,,,
1969-02-01,0.0037442935526146,,0.002801120448179,,0.0916666666666665,,0.0,-0.0361786319954776,0.0063975799436259,0.00023437042245255668,,,,,,0.0080428954423592,0.0034402558387438,0.0025069067839966,0.0246744345442082,0.0027773983517733,,,,
1969-03-01,0.0029555660769882,0.0134866611990294,0.0083798882681564,,-0.0954198473282442,,0.0,-0.0844574780058651,0.0078416612589229,0.0017866557319432,,,,,,0.0053191489361701,0.0046356656526147,0.0046950752743046,-0.0381270903010033,0.0042226661823465,,0.00566052467208,,0.0097410724863118
1969-04-01,0.0023889564408841,,0.005540166204986,,-0.0506329113924051,,0.0,-0.0237027546444587,-0.0036804190887294,-0.0014618600707539,,,,,,0.0079365079365081,0.0038932948810381,0.0044191598516787,0.002086230876217,-0.0072432970113487,,,,
1969-05-01,0.003653385089622,,0.0027548209366392,,-0.0066666666666667,,0.0,0.0387139107611549,-0.0037793207562777,0.0113899218223874,,,,,,0.0,0.0039739538446808,0.0040457165975522,-0.0784177654406662,-0.0073314417401443,,,,
1969-06-01,0.0043794790126265,0.0060964400264045,0.0054945054945054,,0.0313199105145414,,0.0294117647058824,-0.0347441566645609,0.0097695780787794,0.0070349140177177,,,,,,0.0052493438320209,0.003433640135438,0.004835297673013,0.0158132530120482,0.0061823766707616,,0.0245720274834051,,0.0060877930933869
1969-07-01,0.0013166090945126,,0.0054644808743167,,-0.0542299349240781,,0.0,-0.1047120418848167,0.0052808079250665,0.0069857697283313,,,,,,0.0052219321148825,0.0046575733092533,0.004360902255639,-0.0526315789473684,0.0017190611737265,,,,
1969-08-01,0.0039446337428776,,0.0027173913043478,,-0.0321100917431192,,0.0,-0.0073099415204678,0.0022980572597137,0.0061093981957289,,,,,,0.0051948051948051,0.0028383556459625,0.0027948295653041,0.0305164319248827,-0.0012392871083413,,,,
1969-09-01,-0.0013237945020279,0.0180435589896188,0.005420054200542,,-0.0616113744075829,,0.0571428571428571,0.109720176730486,-0.0002244331151061152,0.0022416434935588,,,,,,0.0051679586563306,0.0040096230954289,0.0041307918180459,-0.0410022779043279,-0.0037395657910628,,0.0166325680078804,,0.0067597673476731
1969-10-01,0.0029190286826297,,0.0053908355795146,,0.0126262626262625,,0.0,-0.0836098208360982,0.0002908081660975004,0.0023498768438039,,,,,,0.0051413881748072,0.0042755121217816,0.0034199048374308,-0.0372129849564528,-0.0032137792213734,,,,
1969-11-01,-0.0004921190646925977,,0.0053619302949061,,0.0997506234413965,,-0.054054054054054,-0.1100651701665459,-0.0094255658272234,0.0017229691560274,,,,,,0.0025575447570331,0.0038362573099415,0.0042973573721907,-0.0205592105263158,-0.0128850897825713,,,,
1969-12-01,0.0021804574740456,0.0089337780116267,0.0053333333333334,,0.0249433106575964,,0.0,0.0797396257119609,-0.0026826009386528,0.0018045960806429,,,,,,0.0051020408163264,0.0037283870065711,0.0046232539838677,-0.0302267002518891,-0.0061558489864236,,0.0243729735773114,,-0.002091809991777
1970-01-01,-0.0009123959517693958,,0.0053050397877982,,0.0199115044247788,,0.1142857142857143,-0.1823662396382818,-0.018518948751507,0.0053195980748121,,,,,,0.0050761421319798,0.0032966522728328,0.0035738764319983,-0.0805194805194805,-0.0217654709107579,,,,
1970-02-01,0.0018124086770821,,0.0052770448548813,,-0.1908893709327549,,0.0769230769230771,0.2027649769585253,-0.0006575261761170292,0.0031356738899153,,,,,,0.0050505050505049,0.0038411699370601,0.0039514122640129,0.0527306967984935,-0.0037887935878644,,,,
1970-03-01,0.0020475422480892,0.0081331362646857,0.0052493438320209,,0.0428954423592493,,0.0476190476190476,0.010727969348659,-0.0013001265912733,0.0038515210717275,,,,,,0.0075376884422111,0.0037342676686182,0.0024781341107873,0.0125223613595706,-0.0044224687816908,,0.0148433805071488,,-0.0067462187140296
1970-04-01,-0.0014415473541308,,0.0052219321148825,,0.1439588688946016,,0.0454545454545451,-0.0416982562547384,-0.0025693798439396,0.0107595640569393,,,,,,0.0074812967581046,0.0039040970053279,0.0050894285298821,0.0812720848056536,-0.0056801195814648,,,,
1970-05-01,-0.0031395414027022,,0.0025974025974027,,0.047191011235955,,0.0434782608695651,0.0205696202531646,-0.0011651439652939,-0.004070966854628,,,,,,0.0024752475247524,0.0035228988424762,0.0031828703703702,0.0849673202614378,-0.004271089946269,,,,
1970-06-01,-0.0013356954052078,0.009335247075076,0.0051813471502588,,0.0407725321888412,,0.0208333333333334,0.073643410852713,-0.0032349961513333,0.0020438036843704,,,,,,0.0074074074074073,0.0036473055530226,0.002595904239977,-0.0045180722891565,-0.006322710254771,,0.0011830077074745,,0.0001790534312915426
1970-07-01,0.00033789015754126517,,0.0025773195876288,,-0.0082474226804123,,0.0204081632653061,0.0953068592057762,0.0024546877902502,0.0141947575866154,,,,,,0.0024509803921568,0.0038157536113381,0.0036440352896047,0.0015128593040847,-0.0006420530012302139,,,,
1970-08-01,-0.0016325841273415,,0.0025706940874037,,0.0706860706860705,,0.02,-0.077785102175346,-0.0017842252253444,0.0031796934449397,,,,,,0.0048899755501223,0.0034392252692552,0.0026275558952799,0.052870090634441,-0.0048589518494178,,,,
1970-09-01,9.867910963246018e-05,0.0222325228173974,0.0051282051282051,,0.0951456310679612,,0.0588235294117649,0.0964974982130093,-0.0068924183398262,-0.001083629073768,,,,,,0.0048661800486617,0.0041941011996031,0.0044789631676753,0.0229555236728837,-0.0099440026119794,,0.00046548266972212815,,0.0083126066812972
1970-10-01,-0.005962449255751,,0.0051020408163264,,-0.0336879432624113,,0.0185185185185183,0.0299869621903521,-0.0200036316832317,-0.0032272936837252,,,,,,0.0048426150121065,0.0048951363003548,0.0049333523077652,0.096774193548387,-0.0230047263848756,,,,
1970-11-01,-0.0015881794075524,,0.0050761421319798,,0.0458715596330274,,0.0727272727272727,0.0424050632911392,-0.006057369254287,-0.001523643685041,,,,,,0.0072289156626506,0.005184125849124,0.0039650696247344,-0.0396419437340153,-0.009090700660308,,,,
1970-12-01,0.005439645499865,0.0011171215750664,0.0050505050505049,,0.0210526315789474,,0.0338983050847456,0.1493624772313297,0.0229652820422845,0.0045506567115374,,,,,,0.0047846889952154,0.0050240085363684,0.0044195777892708,0.1764314247669773,0.0198508646431458,,0.0191116996528399,,-0.0093915730975625
1971-01-01,0.0010311899649677,,0.0025125628140703,,0.0618556701030927,,-0.0327868852459015,-0.034337031167459,0.0076913800265312,0.015353316153533,,,,,,0.0023809523809523,0.0039371820393716,0.0021064457239152,-0.0701754385964912,0.004871476214844,,,,
1971-02-01,-0.0008184576307063152,,0.0,,0.0,,0.0,-0.0475929978118161,-0.0019041793545471,0.0013625070129037,,,,,,0.002375296912114,0.0037895478981229,0.0029428251121075,-0.0334753499695679,-0.0044502476610486,,,,
1971-03-01,0.0007485135650429076,0.0104287987136502,0.0025062656641603,,0.1019417475728154,,0.0169491525423728,0.0970706490522688,-0.0010844686503295,0.0032815751560748,,,,,,0.0,0.0032045654082528,0.0033067858972568,0.1076826196473552,-0.0036285247401132,,-0.0087093942054433,,0.0199391476686223
1971-04-01,0.0024837708156928,,0.0024999999999999,,-0.0279001468428781,,-0.0166666666666666,0.0397905759162304,0.0056176178739477,0.0020741922616673,,,,,,0.0047393364928909,0.0037631820767514,0.003899359390957,-0.0079590676520749,0.0030613367457774,,,,
1971-05-01,0.0029703249056816,,0.0049875311720697,,-0.066465256797583,,0.0,0.0317220543806646,0.0050742974763791,0.0040336491256003,,,,,,0.0047169811320755,0.004359387941933,0.0042078979006749,0.1300859598853867,0.0025263094199574,,,,
1971-06-01,9.824975086680789e-05,-0.0035010973651269,0.0049627791563275,,0.0453074433656957,,0.0,-0.0112249877989263,0.0041935969132591,0.0211708735298004,,,,,,0.004694835680751,0.0039064195494595,0.0044205000690702,-0.0349898580121703,0.0016548130413351,,0.0117972154320331,,0.0065363296863261
1971-07-01,0.0008560922895557432,,0.0024691358024691,,0.0928792569659442,,0.0169491525423728,0.0281342546890424,-0.0029040735873848,-0.0142354280981468,,,,,,0.0023364485981309,0.0038479830515802,0.0030257186081694,0.0872306883867577,-0.0054182170601025,,,,
1971-08-01,0.0008132931360864681,,0.0024630541871921,,-0.0665722379603399,,0.0166666666666666,0.0360057609217474,-0.0058039773850473,0.003518353200651,,,,,,0.0023310023310023,0.0014213110517702,0.0028794734677086,-0.0314161430642823,-0.0083066584538331,,,,
1971-09-01,0.0033766270158182,0.0047715658730362,0.0024570024570023,,-0.0515933232169955,,-0.0163934426229507,-0.0542168674698795,0.0162542783137544,0.0059392987964415,,,,,,0.0,0.0016343383080297,0.0015039649986328,-0.0039920159680638,0.0137015941706177,,0.0041666666666666,,0.0084721697358869
1971-10-01,0.0003909850029324424,,0.0024509803921568,,0.0351999999999999,,-0.0333333333333333,0.0426261636452718,0.0074845300581232,0.0032252191328321,,,,,,0.0023255813953488,0.0015887328781827,0.0015472127417519,0.0150300601202404,0.004962081261614,,,,
1971-11-01,0.0028614499874375,,0.0024449877750611,,0.0973724884080371,,0.0344827586206897,0.025375939849624,0.0042439919936403,0.0023592854735423,,,,,,0.0023201856148491,0.0022721426734115,0.0020446181107727,0.0261599210266534,0.0017353996541695,,,,
1971-12-01,0.0036466379946273,-0.0008983959263615393,0.0024390243902439,,-0.0295774647887323,,0.0,0.0517873510540787,0.0115436580787557,0.0050954425534117,,,,,,0.0023148148148146,0.0031224603276445,0.0039448626099574,0.0259740259740259,0.0090224138511638,,0.0156909236723736,,0.0126487510414536
1972-01-01,0.0046041409532791,,0.002433090024331,,0.0130624092888242,,-0.0333333333333333,0.0867102396514161,0.0239071752113766,-0.005069610643609,,,,,,0.0046189376443419,0.0042640286542725,0.0041100221308885,0.0492264416315049,0.0213135726778861,,,,
1972-02-01,0.0028574978258169,,0.0048543689320388,,0.0186246418338109,,-0.0172413793103447,-0.0417000801924619,0.0103289119913962,0.0061300501784697,,,,,,0.0022988505747125,0.0026749320652172,0.0039132781576105,-0.0308310991957104,0.0079781375793033,,,,
1972-03-01,0.0040744411408435,0.0069734292116119,0.0,,-0.09985935302391,,0.0175438596491226,-0.0234309623430962,0.0069436744308675,0.0041903390832669,,,,,,0.0,0.0019902604276942,0.001433755992652,-0.0295066851083448,0.0045542414600467,,0.0120155171821894,,0.0144950624926021
1972-04-01,0.0029885939899101,,0.002415458937198,,0.06875,,-0.0172413793103447,-0.0364181662382177,0.0097906547087396,-0.0004352055706312586,,,,,,0.0045871559633026,0.0023244019947594,0.001565925461948,0.0161520190023753,0.00733885301138,,,,
1972-05-01,0.0041961674093109,,0.0024096385542169,,-0.0102339181286549,,0.0,-0.0124499777678968,0.00012116629832115144,0.0073504930208732,,,,,,0.0022831050228311,0.002319011679386,0.0021441972661486,-0.0336605890603085,-0.0023386803008604,,,,
1972-06-01,0.003933631871946,0.0077293802012741,0.0024038461538462,,0.0147710487444607,,0.0,0.014858171994597,0.0026168749666832,0.0031780738330113,,,,,,0.0022779043280183,0.001977115934713,0.001560131942587,0.0561199806482826,9.27674676385326e-05,,-0.0078700091590623,,0.0128262436762507
1972-07-01,-0.0006643347162341717,,0.0023980815347719,,-0.0087336244541484,,-0.0175438596491228,-0.0008873114463177068,-0.001060934879382,0.007273741034544,,,,,,0.0022727272727272,0.0028968470548722,0.0035604610797097,0.005497022446175,-0.0036306770207756,,,,
1972-08-01,0.0058608853735635,,0.0023923444976077,,0.1350954478707782,,0.0,0.0577264653641207,0.0137874473505312,0.0092844202898549,,,,,,0.0045351473922901,0.0020931011386469,0.0029269590669209,0.0309794988610478,0.0110880756042046,,,,
1972-09-01,0.0016590010925128,0.0210825209895226,0.0047732696897375,,-0.0077619663648124,,-0.0178571428571427,0.0415617128463476,0.0077270753091545,0.003864083962805,,,,,,0.0,0.003341966747431,0.0044660623479992,0.057445868316394,0.0049378664592203,,0.0074537559407803,,0.0163739909192648
1972-10-01,0.005520844554562,,0.002375296912114,,0.0990873533246414,,0.018181818181818,0.0016122531237403,0.0129320552045544,0.0251067845435579,,,,,,0.002257336343115,0.0005828961612124317,0.0011005458707518,-0.0162975344755537,0.0100128037965019,,,,
1972-11-01,0.0040040710287383,,0.0047393364928909,,-0.1281138790035587,,-0.0535714285714284,-0.0257545271629778,0.0118060994283977,0.011095230020107,,,,,,0.0,0.0026215046604527,0.0029901939228706,-0.0509770603228547,0.0087702975225449,,,,
1972-12-01,0.0039347498432769,0.0010691983132369,0.0023584905660378,,0.0503401360544217,,-0.0188679245283017,-0.0227178851714168,0.0113217574140183,0.0044804370223063,,,,,,0.0045045045045044,0.0030296742062669,0.0032004910342409,0.0828111011638317,0.0081890762357688,,0.0102494484982182,,0.025737341432874
1973-01-01,0.0046367646277303,,0.0047058823529413,,0.0116580310880829,,-0.0576923076923077,0.0486052409129331,0.0072013616787944,-0.0052237381929204,,,,,,0.0,0.0006206554121153118,0.0030154706756402,-0.0611823067383215,0.0040298326544521,,,,
1973-02-01,0.0052501421637991,,0.0070257611241217,,-0.0563380281690141,,0.0204081632653061,-0.0773881499395404,0.0145061665385044,0.0074331614914278,,,,,,0.0044843049327354,0.0031427035520821,0.0052721014334886,-0.0198150594451783,0.0112152364117621,,,,
1973-03-01,0.0035519772673455,0.0074087699375831,0.0093023255813953,,-0.0162822252374491,,-0.0199999999999999,0.0332022717343818,0.0004315337110556427,0.0036415565869332,,,,,,0.0044642857142858,0.0040397378292591,0.0070648404993065,-0.0736747529200358,-0.0028901310921113,,0.0036617731044445,,0.0178536493113523
1973-04-01,0.0022416234072675,,0.0069124423963133,,-0.0882758620689655,,0.0204081632653061,-0.1188160676532769,-0.0014594298613206,0.001304306583191,,,,,,0.0022222222222223,0.005788890257421,0.0074456638691629,-0.0746847720659553,-0.0048142797274997,,,,
1973-05-01,0.0025243607350728,,0.0045766590389015,,-0.0015128593040847,,-0.0199999999999999,0.0873320537428024,0.0066229167692521,0.0018473343912086,,,,,,0.0044345898004434,0.0038778675810269,0.004912850307587,0.0120545073375262,0.0031894812949975,,,,
1973-06-01,0.0031181505062101,0.0088555258677027,0.0068337129840547,,-0.0151515151515151,,0.0,-0.087819947043248,0.0011473270171054,0.0029550128838562,,,,,,0.0022075055187638,0.0043101695604441,0.0057390638949115,0.0621439668565511,-0.0023103964445692,,0.0135560315972687,,0.0054770087541375
1973-07-01,0.0003381585963817546,,0.0,,-0.0753846153846153,,-0.0204081632653062,0.0270924044508951,0.003764516709346,0.0024041861122896,,,,,,0.0022026431718062,0.0042916717276002,0.0036351339927296,-0.1131155533885909,0.00032207251394611447,,,,
1973-08-01,0.0033154343218961,,0.0180995475113121,,-0.0582362728785357,,0.0,-0.0339142722562412,-0.0014249300810705,-0.003244920993228,,,,,,0.0043956043956043,0.0046764765168312,0.0114976415094338,-0.005497526113249,-0.0048068583892717,,,,
1973-09-01,0.0013995438523739,0.0156427638018721,0.0044444444444444,,-0.008833922261484,,0.0,-0.0862993661628473,0.0078748881030248,0.0050955414012738,,,,,,0.0065645514223193,0.0050158500862727,0.0039971686721904,-0.0580431177446102,0.0045145261114585,,0.0269475908985834,,0.0032210457229902
1973-10-01,0.0042833479993789,,0.0088495575221239,,0.0071301247771835,,-0.0416666666666667,-0.1051227321237994,0.0080661827103605,0.0088015772426419,,,,,,0.0065217391304346,0.0038728739120019,0.0056401111433666,-0.1719483568075117,0.0047709447536619,,,,
1973-11-01,0.0040331413403429,,0.006578947368421,,-0.031858407079646,,0.0434782608695651,0.0280262373285629,0.0046300032058901,0.0015820944138105,,,,,,0.0043196544276458,0.0048124726564053,0.0082065239803703,-0.0063784549964563,0.0014277604026171,,,,
1973-12-01,0.0014245379876796,0.0067805075120588,0.0087145969498909,,-0.0511882998171846,,0.0208333333333334,-0.1148491879350348,-0.0028437829694304,-0.0037166949290343,,,,,,0.0043010752688172,0.0055414819506016,0.0082215314136124,-0.0813124108416547,-0.0059125315011923,,0.0265942052288001,,0.0105181516451549
1974-01-01,0.0008842639463801927,,0.0107991360691144,,0.0077071290944124,,0.040816326530612,-0.0491480996068152,-0.0066311957922601,-0.0072979085546408,,,,,,0.0042826552462524,0.004920484962998,0.0095744249259606,0.0333850931677017,-0.0096222089698443,,,,
1974-02-01,0.0019718309859155,,0.0106837606837606,,0.0305927342256213,,0.019607843137255,0.2074431426602343,-0.0029520181986334,-0.0075394588500564,,,,,,0.0063965884861407,0.0063848956089154,0.0116536065903154,0.0217881292261457,-0.0058314778457646,,,,
1974-03-01,0.0005367137782095188,0.0044899340248851,0.0105708245243127,,0.0612244897959184,,-0.0192307692307693,-0.1124429223744292,2.198038909551059e-06,-0.0071234173470595,,,,,,0.0084745762711864,0.0077845243655612,0.0115988083416087,0.0588235294117647,-0.0027727847948219,,0.0251534895376517,,-0.007929244218976
1974-04-01,0.0010983958312047,,0.0062761506276152,,-0.0489510489510489,,0.0,0.0334405144694534,-0.0029167912219311,-0.0007150688849693054,,,,,,0.0063025210084033,0.0074926618260466,0.0070679703145246,-0.1291666666666666,-0.0055367405168162,,,,
1974-05-01,0.0021305912071649,,0.0103950103950103,,0.0845588235294116,,0.0,-0.1126322339763534,0.0079713419674842,-0.0010018128041217,,,,,,0.012526096033403,0.0096220194740475,0.0098647015245447,-0.0925039872408293,0.0054421658124699,,,,
1974-06-01,0.000700199875237173,0.0082822721558439,0.008230452674897,,-0.094915254237288,,0.0588235294117649,0.0610098176718092,-0.0018611629315831,-0.0020295114846473,,,,,,0.0103092783505154,0.0102517370998975,0.0084555984555985,-0.0456942003514938,-0.004256719692814,,0.0290891312983165,,-0.0039300493108466
1974-07-01,0.0004071039641748708,,0.0061224489795916,,0.0,,0.0185185185185183,-0.1302048909451421,0.0017594601108699,0.0038280259348757,,,,,,0.0102040816326529,0.0088698462810539,0.0073892568628202,-0.0773480662983425,-0.0005079798060630969,,,,
1974-08-01,-0.00021618597080219623,,0.0121703853955374,,-0.0786516853932584,,0.0,-0.1322188449848024,-0.0105775897706219,-0.001358533736921,,,,,,0.0141414141414142,0.0096114443244048,0.0104515050167224,-0.0848303393213573,-0.0127036287959748,,,,
1974-09-01,-0.0001144761444434872,0.0094124722465944,0.0140280561122245,,0.0386178861788617,,0.0727272727272727,0.0070052539404552,0.00014148117526646686,-0.0010262529832936,,,,,,0.0099601593625497,0.0090033578096748,0.0103810132771655,-0.0839694656488549,-0.0019121986994228,,0.0402624781020812,,-0.0054184027452628
1974-10-01,0.0002544205571810565,,0.0079051383399209,,-0.1232876712328767,,0.0169491525423728,-0.0695652173913043,-0.0031165662071388,0.0032969395799986,,,,,,0.009861932938856,0.0078259279575791,0.0071846033577784,-0.019047619047619,-0.0050846300042628,,,,
1974-11-01,-0.0046419941498155,,0.0098039215686274,,0.0044642857142858,,0.0999999999999998,-0.0411214953271028,-0.0329326779169466,-0.005333968329563,,,,,,0.0078125,0.0072934431583149,0.007502956830278,-0.049757281553398,-0.0347138386664582,,,,
1974-12-01,-0.0078323644029898,0.0048660447840531,0.007766990291262,,-0.0733333333333333,,0.090909090909091,-0.0497076023391812,-0.0357783188660989,0.00016758037873154663,,,,,,0.0077519379844961,0.0070605187319883,0.0078873032759823,0.1098339719029373,-0.0374777151909443,,0.0182959897245613,,-0.011910211882179
1975-01-01,-0.0046231906454438,,0.0077071290944124,,-0.0023980815347721,,0.125,0.0584615384615385,-0.0137984986434528,-0.0005026569007612336,,,,,,0.0057692307692307,0.005830590928602,0.0062240663900414,-0.1645569620253164,-0.0154660056152008,,,,
1975-02-01,-0.0048516683270153,,0.0057361376673041,,0.0144230769230768,,0.0,-0.1240310077519379,-0.0228089210367691,0.0005987020140336696,,,,,,0.0095602294455066,0.0070770653294924,0.0054259359739556,0.0041322314049587,-0.0244309852485085,,,,
1975-03-01,-0.0035102316752905,0.022487601205136,0.0038022813688212,,0.1303317535545023,,0.0617283950617284,0.0984513274336282,-0.0110883564854796,0.000909482552295282,,,,,,0.0037878787878788,0.0052263577936295,0.0033819032200035,-0.027434842249657,-0.012688514023414,,0.0221717681354411,,-0.0113696776832386
1975-04-01,-0.0024527711094874,,0.0037878787878788,,0.1383647798742138,,0.0232558139534884,0.012084592145015,0.0018238704977096,0.0182926829268292,,,,,,0.0056603773584904,0.0048478887093375,0.003406360930833,0.2214386459802539,0.0002458283070623235,,,,
1975-05-01,0.0021449123724823,,0.0018867924528302,,0.0662983425414365,,0.0227272727272727,0.1154228855721393,-0.0028092755904335,0.0577433368557003,,,,,,0.0037523452157599,0.0042301775975388,0.0039665523156087,0.0554272517321017,-0.0043781602326065,,,,
1975-06-01,-0.0013442263520567,-0.012172858757971,0.0075329566854991,,-0.0379965457685664,,-0.0222222222222221,-0.0303300624442461,0.006463552606275,-0.033633780303703,,,,,,0.0056074766355138,0.0049086161879894,0.0062644598683039,0.0350109409190371,0.0048560386864415,,0.0051827679820111,,0.0082844805700696
1975-07-01,0.0032540087034931,,0.0093457943925232,,0.0215439856373429,,-0.0227272727272728,0.1278748850045998,0.0101913957522203,-0.0154150106825333,,,,,,0.0037174721189592,0.0061664241668399,0.0085953804251706,0.0782241014799154,0.008563048278732,,,,
1975-08-01,0.0049889279666537,,0.0037037037037037,,-0.0052724077328646,,-0.0232558139534883,0.0277324632952691,0.0098355662328601,0.00664986700266,,,,,,0.0037037037037037,0.0034430519212229,0.00431367047766,-0.0254901960784313,0.0081549371509492,,,,
1975-09-01,0.0009720944098090544,0.0050379298135501,0.0073800738007379,,-0.0176678445229682,,0.0,0.0031746031746031,0.012848517871651,0.0024337667756066,,,,,,0.0055350553505535,0.005421356025254,0.0049586199671753,0.0704225352112675,0.0111056688815514,,0.0054288520296812,,0.0203349655534756
1975-10-01,0.0040399854974879,,0.0054945054945054,,0.0953237410071943,,0.0,0.0632911392405062,0.0043013593352227,0.0041851646318904,,,,,,0.0055045871559633,0.0049825950447068,0.0058028423503249,0.0300751879699248,0.0025108929403823,,,,
1975-11-01,0.0018700025793139,,0.0072859744990891,,0.1165845648604269,,-0.0119047619047618,0.0119047619047618,0.001418080163378,-0.000736834833866773,,,,,,0.0072992700729928,0.0066218418907906,0.0064257583085745,0.0127737226277371,-0.0004311097102577266,,,,
1975-12-01,0.0042736693055287,-0.0040742947392,0.0054249547920435,,-0.0161764705882353,,-0.0120481927710844,-0.0286764705882353,0.0136592448252477,0.0009447657672190246,,,,,,0.0054347826086955,0.0060722598927234,0.0055265687216805,-0.0171171171171171,0.0117296779615743,,0.0152760819427486,,0.0100835475760172
1976-01-01,0.0062294115385108,,0.0035971223021582,,-0.0986547085201793,,-0.0365853658536584,0.0348221044663135,0.0133456149112805,0.006492011602744,,,,,,0.0072072072072071,0.0051302685846494,0.0038234390468714,0.0953253895508707,0.0113644413019651,,,,
1976-02-01,0.003987108772913,,0.0017921146953405,,0.0679933665008292,,-0.0253164556962025,0.1250914411119239,0.0101499712890185,0.0061985361390668,,,,,,0.005366726296959,0.0039698425406993,0.0012582894065635,-0.0041841004184099,0.0080773633896658,,,,
1976-03-01,0.0029435647584246,0.0060111537926921,0.001788908765653,,-0.0822981366459627,,-0.0129870129870131,-0.0760728218465539,0.0019423955444575,0.002977881839467,,,,,,0.0053380782918148,0.0033228110981891,0.0014944636913254,-0.0218487394957983,-0.0001667458288280299,,0.0043294671013949,,0.0207571340069789
1976-04-01,0.0030867321121343,,0.0017857142857142,,0.0338409475465313,,0.0131578947368422,-0.0182969739619985,0.0051313973065907,0.0013145369656861,,,,,,0.0035398230088496,0.0038748137108792,0.0022722648036357,-0.0274914089347079,0.0029703395612337,,,,
1976-05-01,0.00025223225546078254,,0.0053475935828877,,-0.0671031096563011,,-0.0389610389610389,0.0458781362007167,0.0040357135511763,0.0,,,,,,0.0052910052910053,0.004750593824228,0.004804926741786,0.0547703180212013,0.0018328561189051,,,,
1976-06-01,0.0008069396812588892,0.0114551826465874,0.0053191489361703,,0.0368421052631577,,0.0270270270270269,0.0246744345442082,0.0012723080669794,0.0009732910819375552,,,,,,0.0035087719298245,0.0040386130811662,0.0043441656844587,-0.0050251256281407,-0.0009744774914560717,,0.0094731240021288,,0.0062820708443129
1976-07-01,0.002154303567829,,0.0052910052910053,,0.1235194585448391,,0.0263157894736842,-0.062876254180602,0.005310080515005,0.0057210049069489,,,,,,0.0069930069930068,0.0055266686287975,0.0050630364806867,0.047979797979798,0.0030357837343917,,,,
1976-08-01,0.0019736759400104,,0.0052631578947368,,-0.0240963855421686,,0.0,0.1063526052819414,0.0070344191347053,0.0020235632700782,,,,,,0.0052083333333332,0.0057564719656562,0.0055045871559633,0.0514056224899599,0.0047381530488685,,,,
1976-09-01,0.0023587272909766,0.0183895888426277,0.005235602094241,,0.0740740740740741,,-0.0256410256410256,0.1096774193548386,0.0031659425415109,0.00020194767311387807,,,,,,0.005181347150259,0.0058528698464026,0.0056403450564033,0.1313980137509549,0.0008579874636416296,,0.0185048502741458,,0.0076186247664169
1976-10-01,0.00023782105842884427,,0.0052083333333332,,0.0172413793103447,,0.0131578947368422,-0.052906976744186,-0.00017906104862630556,-0.0017274256870443,,,,,,0.0051546391752577,0.0048865170706615,0.0052457934675025,-0.0378122889939229,-0.0025018779682504,,,,
1976-11-01,0.00411708025178,,0.0034542314335059,,0.0381355932203388,,0.0129870129870128,0.007366482504604,0.0153236548427897,0.0089891680524967,,,,,,0.0034188034188034,0.0045748288438161,0.0045291936066165,0.0743859649122806,0.0129298104937121,,,,
1976-12-01,0.0025922233300099,0.0080115520919519,0.0051635111876076,,0.0435374149659864,,0.0,0.0993296770262035,0.0106208934162368,0.0038086329012427,,,,,,0.0034071550255536,0.0054138403235566,0.0055869572320057,-0.0130633572828217,0.0082187991290914,,0.0182980485532378,,0.0031331642134819
1977-01-01,0.0030081543357198,,0.0051369863013699,,0.0756192959582791,,-0.0384615384615384,-0.1535476718403547,-0.0067218347270796,-0.0019969380283565,,,,,,0.0067911714770798,0.0060815305185137,0.0058158424848919,-0.029781601588352,-0.009076611006585,,,,
1977-02-01,0.0036931466104845,,0.0102214650766609,,0.016969696969697,,0.0133333333333331,0.2724296005239031,0.0160144615573849,-0.0088485737788743,,,,,,0.0067453625632378,0.0061392185876647,0.0078172949575217,0.0641200545702591,0.0134923990140596,,,,
1977-03-01,0.0049760458339507,0.0092155083013762,0.0050590219224284,,0.0393325387365912,,-0.026315789473684,0.0617601646937724,0.0125149437811169,0.0140194253157175,,,,,,0.0050251256281406,0.0042555854559109,0.0050322125709156,0.0641025641025641,0.0099611044909737,,0.01245393315542,,0.0110990330000999
1977-04-01,0.0041405069356563,,0.006711409395973,,-0.0837155963302752,,-0.027027027027027,-0.0828889966068832,0.0096977512832119,0.0015263460602574,,,,,,0.0049999999999998,0.0049541970461768,0.005804311774461,0.0,0.007126329620219,,,,
1977-05-01,0.004404855129209,,0.0033333333333334,,0.0100125156445556,,-0.0277777777777777,0.0417547568710359,0.0078431289622709,0.00019878520154592572,,,,,,0.0049751243781095,0.0050847983133353,0.0050732449743167,0.0048192771084336,0.0052196935813237,,,,
1977-06-01,0.0048728194133125,0.0106853440873211,0.0049833887043189,,-0.0024783147459727,,0.0285714285714286,-0.0395738203957382,0.0075303132350132,0.0041736595707093,,,,,,0.0066006600660066,0.0059845142980532,0.0055839485141018,0.0503597122302157,0.0048442700194437,,0.0162671017949038,,0.0234537618074841
1977-07-01,0.0041945495102317,,0.0049586776859502,,-0.062111801242236,,-0.0416666666666666,0.0871632329635498,0.0012973869003489,0.0064433839861017,,,,,,0.0032786885245901,0.0061942289411549,0.0052078431372548,-0.0371004566210045,-0.0014067435844775,,,,
1977-08-01,0.0029094333244803,,0.0049342105263159,,0.0701986754966887,,0.0144927536231882,-0.0184645286686102,0.0010315732115413,0.0040641524275661,,,,,,0.0049019607843137,0.0048761161734678,0.0046502918136137,0.0551274451689389,-0.0017106799209687,,,,
1977-09-01,0.0055010532651218,0.0100551712711129,0.0032733224222585,,0.0420792079207921,,-0.0285714285714285,-0.0351485148514851,0.004140739432596,0.005462221448468,,,,,,0.0048780487804878,0.0042458981590998,0.0037589313451382,-0.0595505617977527,0.0013504067296459,,0.0088432181409481,,0.0183960031365577
1977-10-01,0.0032083512905234,,0.00489396411093,,-0.0273159144893111,,0.0,0.0477167778347871,0.0014607662194707,0.0072722550483732,,,,,,0.0032362459546926,0.0048319391175672,0.0046423818513818,0.050179211469534,-0.0013569101929998,,,,
1977-11-01,0.0044510739856802,,0.0064935064935065,,0.0122100122100121,,0.0,0.0,0.0018801109058828,0.0079932959453363,,,,,,0.0048387096774193,0.0051693565353287,0.0057607590647239,0.0073947667804323,-0.0009717293447972786,,,,
1977-12-01,0.0028156297149917,0.0006129781262436129,0.0048387096774193,,0.0072376357056693,,-0.0588235294117646,0.0489715964740451,0.001476520032005,0.0041994414955979,,,,,,0.0064205457463886,0.0051726715503064,0.0048395001225187,-0.0095990965556183,-0.0013779555716608,,0.0304840723782473,,0.0057679349075221
1978-01-01,0.0021798365122616,,0.0064205457463886,,-0.0479041916167665,,0.0,-0.1979458450046685,-0.0143048348570957,-0.0043304746539867,,,,,,0.0063795853269537,0.0059789398536498,0.0059135523989515,-0.007981755986317,-0.0171025868736929,,,,
1978-02-01,0.0041846939499254,,0.0047846889952152,,-0.0050314465408805,,-0.0156250000000001,0.0116414435389988,0.0054105658532712,0.0059696401159816,,,,,,0.004754358161648,0.003843993021674,0.0046363636363635,-0.0022988505747126,0.0025429903818128,,,,
1978-03-01,0.006027216650186,0.0164277900504077,0.0063492063492063,,0.0290771175726927,,0.0,0.1691599539700805,0.0192610169068925,0.0083079009833844,,,,,,0.0063091482649841,0.0054198945477039,0.0064850843060961,0.0362903225806452,0.016359108165139,,0.0260419141757355,,0.0059816676057251
1978-04-01,0.0082143692955769,,0.0078864353312302,,0.0614250614250613,,-0.0317460317460317,0.0812007874015747,0.0197878720545996,0.0034681351942156,,,,,,0.0078369905956112,0.0064746726042246,0.0075821146008152,0.0828237909949971,0.0169122055113053,,,,
1978-05-01,0.0040272974164945,,0.0093896713615022,,-0.0081018518518518,,-0.0163934426229507,-0.05553026854802,0.004911446048055,-0.0006493370478205529,,,,,,0.0062208398133749,0.0058799557547883,0.0071383956455786,-0.0934291581108829,0.0020803324781506,,,,
1978-06-01,0.0050977354957286,0.0027731435849644,0.0077519379844961,,-0.0268378063010501,,-0.0166666666666666,-0.0024096385542168,0.0064091725563288,6.287989939224303e-05,,,,,,0.007727975270479,0.0055851371686539,0.0065266826142169,0.122876557191393,0.0035730826990283,,-0.0025936732897967,,0.0301261795493299
1978-07-01,0.0029212190914318,,0.0076923076923076,,-0.0539568345323741,,0.0508474576271185,0.0106280193236714,-0.0008696700590387074,0.0050091170121349,,,,,,0.0061349693251533,0.0058706725373391,0.005486767208497,-0.0993444276348965,-0.0036582566000704,,,,
1978-08-01,0.0031993945231869,,0.0061068702290076,,-0.0418250950570342,,-0.0483870967741935,-0.0458891013384321,0.0041998104842937,0.0042125458792126,,,,,,0.0076219512195121,0.0053786513317881,0.0050482943768421,-0.0531914893617021,0.0014129977073877,,,,
1978-09-01,0.0015774493330131,0.0328421571122221,0.0091047040971168,,0.0740740740740741,,0.0169491525423728,-0.0130260521042083,0.0024309427093387,0.0003115006022345046,,,,,,0.0090771558245084,0.0057482712501069,0.0056907264386503,0.0354819633353045,-0.00033756634521930895,,0.0184815416763408,,0.0072667423730894
1978-10-01,0.0038232843724677,,0.0090225563909773,,0.0738916256157635,,-0.0333333333333333,0.0055837563451777,0.0077919883031742,0.0026988311984885,,,,,,0.0074962518740628,0.0073564779447132,0.007939257462902,0.0171330668189606,0.0050114565940555,,,,
1978-11-01,0.0049456546455046,,0.0059612518628913,,-0.0848623853211009,,0.0172413793103449,0.0570418980312972,0.0076361927456167,0.000890287583593885,,,,,,0.0059523809523809,0.0053647164564782,0.0056998825652336,0.0078607523862999,0.0048771810707244,,,,
1978-12-01,0.0031677433222838,0.0007056034114389931,0.0059259259259261,,0.0087719298245614,,0.0169491525423728,-0.0238777459407831,0.0051612328902324,0.0049853129783625,,,,,,0.0059171597633136,0.003911270045259,0.0046707678286626,0.0128133704735375,0.0024308042248093,,0.0182601559294215,,0.0096842461926889
1979-01-01,0.0015450372726144,,0.0088365243004417,,-0.0633540372670807,,-0.0166666666666666,-0.2025440313111546,-0.0055775465726101,0.004837082930243,,,,,,0.0073529411764705,0.0051204986920465,0.0075405374759043,-0.1963696369636963,-0.0082465398003749,,,,
1979-02-01,0.0027812809656788,,0.0102189781021897,,-0.0411140583554376,,0.0,-0.0674846625766871,0.0050144528534947,0.0040558810274899,,,,,,0.0102189781021897,0.0032393820255827,0.005345788081706,0.0212183436002737,0.0023414979302414,,,,
1979-03-01,0.0047611026893492,0.0098810718866333,0.0101156069364163,,0.0968188105117566,,-0.0169491525423729,0.2151315789473684,0.0030244829001129,0.0026725967031171,,,,,,0.0086705202312138,0.0057679039602596,0.0078081271689243,0.1528150134048258,0.00038430681384116205,,0.0350594398549264,,0.0078982176500357
1979-04-01,-0.0006929000100581728,,0.0100143061516451,,-0.0567465321563682,,0.0,-0.0536004331348132,-0.0117522331931925,-0.0081591958817424,,,,,,0.007163323782235,0.0092196246295686,0.0104134847685428,-0.0715116279069767,-0.0143009347486483,,,,
1979-05-01,0.004160282720288,,0.0113314447592069,,-0.0280748663101604,,-0.0344827586206897,0.0732265446224256,0.0087708046673975,-0.0046567923521931,,,,,,0.0071123755334281,0.008700380641653,0.0103611279063373,0.0544771446462115,0.0062062875309076,,,,
1979-06-01,0.0035527737250664,0.0061550245578356,0.011204481792717,,-0.0371389270976616,,0.017857142857143,0.0197228144989338,1.1559335030053576e-05,-0.0025969207939157,,,,,,0.0070621468926552,0.0056064690026953,0.0082419824279846,-0.0261282660332541,-0.0024877979711457,,0.024852378171436,,-0.0049650715859574
1979-07-01,0.0012096595196875,,0.0110803324099721,,0.0214285714285713,,0.0,-0.0799790904338735,-0.0015585656572273,0.0072324509743144,,,,,,0.0084151472650773,0.005012329795218,0.0076350294070035,-0.0646341463414633,-0.0039697575796679,,,,
1979-08-01,0.000920003990378726,,0.0095890410958905,,0.0195804195804196,,0.0526315789473683,0.0102272727272727,-0.0064793982919704,0.0013950721129187,,,,,,0.011126564673157,0.0066408854513935,0.0076575008701706,0.0371577574967405,-0.0087885322727107,,,,
1979-09-01,0.0002990033222591837,0.0051959515923727,0.0094979647218453,,-0.0027434842249657,,-0.0166666666666666,0.03037120359955,-0.00010293260827354268,-0.0009424105222184398,,,,,,0.0082530949105914,0.0068355235269181,0.0088215756609539,0.0295411690760527,-0.0023479115350659,,0.0234899328859059,,0.0012168816144804
1979-10-01,0.0017049165808673,,0.010752688172043,,-0.078404401650619,,0.0169491525423728,-0.0824235807860261,0.0069418681666593,-0.0005946888136982853,,,,,,0.009549795361528,0.0072890900478921,0.0081386467195196,-0.0958485958485958,0.0047568968453699,,,,
1979-11-01,0.0010167880549507,,0.0106382978723404,,-0.1089552238805969,,-0.0166666666666666,-0.0933967876264129,-0.0016010153909661,0.0027084701247537,,,,,,0.0108108108108107,0.0064003761853757,0.0069495245062178,-0.138419986495611,-0.003693619260873,,,,
1979-12-01,0.0010930409724752,0.0082296708504174,0.0118421052631578,,-0.0636515912897822,,0.0169491525423728,-0.0170603674540682,0.0007399664986447174,0.0020054023082589,,,,,,0.0120320855614974,0.0071903229155851,0.0084064137823671,-0.0172413793103448,-0.00128613767265,,0.0264150943396228,,0.0039157964020295
1980-01-01,0.0014116816657843,,0.014304291287386,,0.0590339892665474,,0.05,-0.1048064085447263,0.0052184086459938,0.0069027488461379,,,,,,0.0132100396301189,0.0075771243009199,0.010471877733752,0.0207336523125996,0.0032474804031357,,,,
1980-02-01,0.0009140969162995116,,0.0128205128205127,,-0.0861486486486486,,0.0,0.0067114093959732,0.0004263679786125074,-0.0053545351289955,,,,,,0.0104302477183833,0.0099757002174192,0.010847146894813,-0.0632812499999999,-0.0015056771628673,,,,
1980-03-01,0.0012213505276015,0.0094612091745058,0.0139240506329112,,-0.1238447319778188,,0.0,-0.2244444444444444,-0.0042465046006999,-0.0062805872756933,,,,,,0.0141935483870967,0.0092693427884007,0.0122673115191818,-0.1759799833194328,-0.0061400107982371,,0.0231838637094181,,-0.000847672896156948
1980-04-01,-0.0015935116601094,,0.0099875156054933,,-0.2194092827004219,,0.0952380952380953,0.0038204393505252,-0.019728661022929,-0.0010875810555692,,,,,,0.0114503816793893,0.0051441620034629,0.0052257004927089,-0.1821862348178138,-0.02157075079423,,,,
1980-05-01,-0.0047221213221939,,0.0098887515451173,,0.2675675675675675,,0.0869565217391303,-0.1179828734538535,-0.0245980954029272,-0.0036566075720535,,,,,,0.0075471698113207,0.0080387457559416,0.0077730468363204,0.0655940594059405,-0.02644529453777,,,,
1980-06-01,-0.0035279805352798,0.0058592831430999,0.0097919216646267,,0.1769722814498933,,0.0133333333333331,0.290183387270766,-0.012755395233765,0.0021649038164162,,,,,,0.0112359550561798,0.0066372777254941,0.006312945222304,0.2984901277584204,-0.0146671624392007,,0.0378166110347535,,-0.0161765278697463
1980-07-01,-0.0028967492036714,,0.0012121212121212,,0.1521739130434782,,0.0263157894736842,0.0610367892976588,-0.0072117004785333,0.0088054972637121,,,,,,-0.0024691358024692,0.0070363627417211,0.0077623453023163,0.1261180679785332,-0.0091676568228988,,,,
1980-08-01,0.0028829029385575,,0.0072639225181598,,0.0361635220125786,,-0.0128205128205127,0.1315996847911742,0.0032010533028863,0.0010808826528532,,,,,,0.006188118811881,0.0072315059122447,0.0083323240886521,0.0857823669579032,0.001174734333766,,,,
1980-09-01,0.0012652748643158,0.0077495566345378,0.0084134615384616,,-0.0955993930197268,,-0.0259740259740259,0.0243732590529248,0.016647322032786,0.0043392344205186,,,,,,0.0098400984009838,0.0094110798486464,0.0092483605179083,0.08558888076079,0.014522368302682,,0.0212842439836538,,0.0075060126371211
1980-10-01,0.0030705109019764,,0.0095351609058402,,-0.0587248322147651,,0.0,0.0353501019714479,0.012695556756844,0.00789046653144,,,,,,0.0109622411693057,0.0082420222991157,0.0080211358118722,-0.0795148247978436,0.0105002470199262,,,,
1980-11-01,0.0028400928279368,,0.0106257378984651,,0.0017825311942958,,0.0,-0.0085357846355876,0.0166514625800207,0.001529513574433,,,,,,0.0108433734939759,0.0078648204199336,0.0081462067011404,0.0124450951683747,0.0143663211311533,,,,
1980-12-01,0.0021598510143585,0.0119715757414335,0.0093457943925234,,-0.0533807829181495,,-0.0399999999999999,-0.0185430463576159,0.0068336148019858,0.0046820054254999,,,,,,0.0119189511323003,0.0060299368630138,0.0064877271875585,-0.0968908170643528,0.0045034412272495,,0.0163205572331004,,0.0232646856382139
1981-01-01,0.0009896308676864418,,0.0092592592592593,,-0.0394736842105263,,0.0416666666666667,0.0438596491228069,-0.0063241137484286,-0.0038801552062083,,,,,,0.0058892815076561,0.0086498683715683,0.0096106857794429,-0.0224179343474779,-0.0086749187687545,,,,
1981-02-01,0.0007909219733504003,,0.0091743119266054,,-0.0019569471624266,,-0.0133333333333333,-0.1945701357466063,-0.004116273969169,-0.0030921211147698,,,,,,0.005854800936768,0.0073173005219984,0.0101184713963029,-0.018018018018018,-0.0065566079885622,,,,
1981-03-01,0.0011525163273147,0.0156230066638551,0.0068181818181818,,0.0078431372549019,,0.0,0.0481540930979134,0.0050201158579028,0.0028197381671701,,,,,,0.0058207217694994,0.0055522139453108,0.0069594980034226,-0.0133444537114262,0.0025110279098878,,0.0095330100980641,,0.0071904605758748
1981-04-01,0.0008003508387237623,,0.0056433408577878,,-0.0856031128404669,,-0.027027027027027,0.0413476263399694,-0.0043885135597829,-0.0027917252460332,,,,,,0.0069444444444444,0.0063958036166198,0.0043734421028778,0.0059171597633136,-0.0068923921996713,,,,
1981-05-01,0.00014241425018890477,,0.0067340067340069,,-0.0063829787234042,,0.0416666666666667,-0.1617647058823529,0.0057461325619418,0.0019536363819459,,,,,,0.0091954022988505,0.0068809436722752,0.0044897682918574,-0.0142857142857142,0.0031884137986417,,,,
1981-06-01,0.0021249561864704,0.0082085714638633,0.0089186176142697,,-0.1113490364025695,,0.0,-0.0833333333333333,0.0052912534096147,0.0054474551740772,,,,,,0.0091116173120728,0.0049948915881483,0.0039755626431876,-0.1679454390451833,0.0027154845157344,,0.0306400649995486,,0.0004157561460416126
1981-07-01,0.001213247349437,,0.011049723756906,,0.0385542168674699,,-0.0399999999999999,-0.0038277511961722,0.0063518472446821,0.0157740058777664,,,,,,0.0135440180586907,0.006031853608946,0.0060404035884471,-0.0420081967213115,0.003787141681012,,,,
1981-08-01,-0.0003930088099475259,,0.0076502732240437,,-0.1229698375870069,,0.0277777777777779,-0.0970220941402497,-0.0012264274843365,0.0029719729176507,,,,,,0.010022271714922,0.006691817120273,0.0062487491382952,-0.0491978609625668,-0.0037330867805978,,,,
1981-09-01,-0.00096106590946321,-0.0047802388768241,0.0097613882863338,,-0.1058201058201058,,0.0270270270270269,-0.0308510638297871,-0.0048807937671256,-0.0017072548519397,,,,,,0.0121278941565601,0.0065581084095471,0.0060552486187845,-0.047244094488189,-0.0073382296443023,,0.0127010265933218,,0.0143492800073177
1981-10-01,-0.0010603758321764,,0.0032223415682064,,0.0532544378698225,,0.0394736842105263,-0.0417124039517013,-0.0077340873096841,0.0012973738009121,,,,,,0.0032679738562091,0.0059613509440652,0.0045250856690974,-0.1369539551357733,-0.0101343412803825,,,,
1981-11-01,-0.002287152549792,,0.0042826552462524,,0.0730337078651686,,0.0506329113924051,-0.0412371134020618,-0.0115446756425948,0.000608582983234518,,,,,,0.004343105320304,0.0058379045227237,0.0053794008309644,0.0232558139534884,-0.0138725271154079,,,,
1981-12-01,-0.0030272784108982,0.001089921955554,0.0031982942430703,,0.1963350785340314,,0.0240963855421685,0.087216248506571,-0.010631426703386,-0.0013145245149012,,,,,,0.0054054054054053,0.0036795304218317,0.0030885679484948,0.0641711229946524,-0.0128717740108339,,0.0271939384503605,,-0.0102522926465791
1982-01-01,-0.0036305627372242,,0.0031880977683316,,-0.1947483588621443,,0.0117647058823529,-0.0736263736263735,-0.0205261092109162,0.0013162547640563,,,,,,0.0032258064516128,0.0061537118666259,0.0059412810616246,-0.0025125628140703,-0.0226455595011587,,,,
1982-02-01,-2.2083586374455063e-05,,0.0031779661016948,,-0.0081521739130434,,0.0348837209302326,0.0272835112692764,0.0204205972431785,0.0027271478741981,,,,,,0.0053590568060022,0.0038605014314219,0.0029962062424555,0.0176322418136021,0.0182866948116757,,,,
1982-03-01,-0.0014244227775139,0.022697723541087,0.0,,0.0246575342465753,,0.0112359550561798,0.0750577367205542,-0.0068342743567447,-0.00015653126712067422,,,,,,0.0010660980810235,0.0043641705915395,0.002578925877372,0.1027227722772277,-0.0087963551405543,,0.0312231597029253,,-0.0079101362729553
1982-04-01,-0.0031404117920251,,0.0031678986272438,,-0.0935828877005348,,0.0333333333333334,-0.0150375939849624,-0.0091690186023146,0.0099021526418787,,,,,,0.0085197018104365,0.0039580106694199,0.000514458425328268,-0.0033670033670033,-0.0109842896499938,,,,
1982-05-01,-0.0004769828064337122,,0.0094736842105263,,0.1327433628318584,,0.010752688172043,0.1177753544165758,-0.0068024579249347,-0.0041855598186257,,,,,,0.0073917634635691,0.0054636612958518,0.0059132297803963,0.0731981981981981,-0.0084904462429911,,,,
1982-06-01,-0.0026856958948805,0.001393852197657,0.0114702815432741,,-0.0364583333333333,,0.0212765957446807,-0.12,-0.0024579493855126,-0.0055069079587468,,,,,,0.0073375262054506,0.0050077780382296,0.0072628910992311,-0.0419727177334732,-0.0040227398039586,,0.007544951251776,,0.0036235152896304
1982-07-01,-0.0038279641684749,,0.0051546391752577,,0.0135135135135135,,0.0208333333333334,0.2926829268292683,-0.0035819533667895,0.0090594243450017,,,,,,0.0062434963579605,0.0064882744582503,0.0059206631142687,0.1434830230010952,-0.0049810570940135,,,,
1982-08-01,-0.0017649490063783,,0.0020512820512821,,0.0853333333333332,,0.0,-0.1029159519725557,-0.0088561098702107,0.001493116152802,,,,,,0.0041365046535677,0.0045925676245048,0.0031110737408559,-0.1130268199233716,-0.0100827213009049,,,,
1982-09-01,-0.0020142564596085,0.0003994627387828853,0.0,,0.1818181818181818,,0.0306122448979591,0.0936902485659656,-0.0026343771654018,-0.0004453308033380843,,,,,,0.0010298661174048,0.0037117812355826,0.0027661357921207,0.1252699784017279,-0.0037020394197115,,0.0137936623713428,,-0.0038856880066906
1982-10-01,-0.003094760212148,,0.0040941658137154,,-0.002079002079002,,0.0297029702970297,0.0253496503496504,-0.0095242466665137,-0.0011816209514953,,,,,,0.0030864197530864,0.0063305684975867,0.0056214996238403,0.1026871401151632,-0.010423261376003,,,,
1982-11-01,-0.001360972701812,,-0.0010193679918449,,0.1541666666666665,,0.0384615384615385,0.1696504688832054,-0.0032396816770512,0.0038399627639975,,,,,,-0.0020512820512821,0.0036955528796247,0.0029924565158663,0.0696257615317668,-0.0039904886153296,,,,
1982-12-01,-0.00016894555447932724,0.038642701877279,-0.0030612244897958,,-0.05956678700361,,0.0,-0.0502915451895044,-0.0071576500422655,0.0046560151465386,,,,,-0.0012499999999999,-0.001027749229188,0.0031855038887969,0.0015124831658552,0.09926769731489,-0.0077624605894544,,0.0062513989703578,,-0.0043844578609463
1983-01-01,0.0024670218877786,,0.0020470829068577,,0.1170825335892513,,-0.037037037037037,0.2171910974673829,0.0185392911647825,0.0032691050344217,,,,,,0.0041152263374484,0.0068456431193038,0.0046754106500062,0.0555144337527757,0.0180467839886269,,,,
1983-02-01,-0.0008203168895380974,,0.0010214504596526,,-0.0343642611683848,,0.0,0.07124842370744,-0.0059683651569517,0.00030667791152350077,,,,,,0.0040983606557376,0.0037067376612738,0.0016884935343053,0.0315568022440393,-0.0063476494856216,,,,
1983-03-01,0.0019456346930282,0.0088996647272794,0.0010204081632652,,0.0604982206405693,,-0.0096153846153845,-0.0547380812242496,0.0082662871294414,0.0046945658005672,,,,,-0.0275344180225282,0.0020408163265306,0.0012650221378873,0.0012950705093943,0.0027192386131882,0.0079650336000893,,-0.0028123361456694,,0.01075138758109
1983-04-01,0.003075541587159,,0.0071355759429154,,0.070469798657718,,-0.0097087378640777,-0.0834371108343711,0.0124374738062422,0.0021169873934352,,,,,,0.0040733197556006,0.0030362928698062,0.0045576792789832,0.0616949152542372,0.0121913266470532,,,,
1983-05-01,0.0031332527639764,,0.0040485829959515,,0.0407523510971787,,-0.0098039215686274,0.2065217391304348,0.0063493174947073,0.001979293544458,,,,,,0.0030425963488844,0.001442444435415,0.0028407349124277,0.065772669220945,0.0061247330165745,,,,
1983-06-01,0.0042055240729999,0.0028488905531138,0.002016129032258,,-0.019578313253012,,0.0,-0.0242117117117116,0.0059572656744029,0.0007787570278072753,,,,,0.0012870012870012,0.0030333670374114,0.0046659769135577,0.0037293662115345,0.0599161174355902,0.0057220934196602,,-0.0117431485022306,,0.0168071136255445
1983-07-01,0.0046211439552992,,0.004024144869215,,-0.0691244239631336,,-0.0693069306930692,0.0300057703404501,0.0148812551112993,0.0126022509442198,,,,,,0.0060483870967742,0.0067241483755022,0.0056240229021582,0.0146975692481627,0.0145945478755731,,,,
1983-08-01,-0.0034056857259749,,0.003006012024048,,-0.0561056105610561,,0.0106382978723404,0.0700280112044817,0.0119669735584004,-0.001874308848612,,,,,,0.003006012024048,0.0051548459563541,0.0043004239854633,-0.0456824512534819,0.0115920770835189,,,,
1983-09-01,0.012404442521275,0.0161619070233702,0.002997002997003,,0.0629370629370629,,-0.0315789473684211,-0.1047120418848167,0.0144936148465959,0.0072859744990891,,,,,-0.0025706940874036,0.003996003996004,0.0040508450900964,0.0034778762841001,-0.0747227086981903,0.0140000368422024,,0.0008061525563096694,,0.0138642941371802
1983-10-01,0.0029918791850691,,0.0039840637450199,,0.0394736842105263,,-0.043478260869565,0.0029239766081872,0.0077690565448298,0.0090229488637421,,,,,,0.0049751243781095,0.0017688210509578,0.0017228944626974,0.0826498422712933,0.0071369436752404,,,,
1983-11-01,0.0038789335664335,,0.0029761904761904,,0.018987341772152,,-0.0340909090909091,0.0408163265306122,0.0044193521512614,0.0087205542725172,,,,,,0.0049504950495049,0.0023410375954766,0.0013999440022398,-0.027972027972028,0.0036359513385506,,,,
1983-12-01,0.0038639455782312,0.0166197810508901,0.0029673590504453,,0.2003105590062111,,-0.0235294117647058,-0.0543417366946779,0.0048763550788935,0.0091030642709306,,,,,0.0051546391752577,0.0029556650246305,0.0007323397264611398,0.0005591947595462443,-0.0245803357314148,0.0039321659648761,,0.0060573840478146,-0.0035005834305716,0.0232960828925781
1984-01-01,0.0048032093678846,,0.0069033530571991,,-0.1060802069857697,,-0.0361445783132531,0.1238151658767772,0.0199636048127644,0.0046647547827352,,,,,,0.0068762278978389,0.0033425632911392,0.0043512974051895,0.1161647203441917,0.0188370418772849,,,,
1984-02-01,0.0052226646380282,,0.0048971596474045,,0.0072358900144717,,-0.025,0.191354770690564,0.0045450439260146,0.0059800184278513,,,,,,0.0029268292682926,0.0063080289380827,0.0067172781112128,0.0941629955947136,0.0032644956912675,,,,
1984-03-01,0.0029198020545959,0.0029359886061897,0.0029239766081872,,-0.079022988505747,,0.0,-0.2641592920353982,0.0047792746968222,0.0066269171365971,,,,,0.0089743589743589,0.0038910505836575,0.003780681306196,0.0032967466835123,-0.1318570709612481,0.0033301849616251,,0.0076382327979631,0.005854800936768,0.0272802410771366
1984-04-01,0.0038853032784254,,0.0038872691933915,,-0.0031201248049922,,-0.0128205128205127,0.1130487071557426,0.00592376853858,0.0069044263260245,,,,,,0.00484496124031,0.0047031731782523,0.003797493260925,0.0295652173913043,0.0043091355918889,,,,
1984-05-01,0.0032625383828044,,0.0019361084220717,,-0.0375586854460093,,-0.0389610389610389,-0.041599135602377,0.0053847052128765,0.0015415145823736,,,,,,0.0038572806171648,0.0023114426121244,0.0012545083895247,-0.0197072072072072,0.0036140255477215,,,,
1984-06-01,0.0040489702225339,0.0067300894044732,0.0019323671497584,,0.024390243902439,,-0.027027027027027,0.0388951521984215,0.0034882263143534,0.0066696152145069,,,,,0.0025412960609911,0.0038424591738712,0.0023642494476958,0.0017815191855912,0.04192992533027,0.0015636133322778,,0.0045768045005243,0.0139697322467984,0.0163164291363822
1984-07-01,0.0032811524254066,,0.0038572806171648,,-0.0174603174603175,,0.0416666666666667,-0.0602278893109061,0.0028973631606796,0.0012653333801975,,,,,,0.0047846889952152,0.0043113448302529,0.0035762443571554,-0.1152149944873208,0.0008534573049030492,,,,
1984-08-01,0.0025635886020529,,0.0028818443804035,,-0.0840064620355411,,0.0,-0.0842956120092378,0.0012182499335915,0.0068101239161724,,,,,,0.0038095238095239,0.0032918166592872,0.0030766834131712,-0.0467289719626168,-0.000928006673750259,,,,
1984-09-01,0.0032831046384376,0.0084690505157436,0.0028735632183907,,0.1675485008818342,,-0.0266666666666667,0.0706179066834804,-0.002892796369824,0.0071127227084133,,,,,-0.0152091254752851,0.0037950664136621,0.0015349783184313,0.0013589066625252,-0.0045751633986927,-0.0051236000578072,,0.0101559781061157,-0.0229621125143513,0.0105494361865505
1984-10-01,0.0029891760362477,,0.0038204393505252,,0.0377643504531721,,0.0136986301369863,-0.0636042402826855,-0.0003248010364271803,-0.0037389648606543,,,,,,0.0037807183364839,0.0022414651902371,0.0023651661432282,-0.0216677609980302,-0.0026494868016074,,,,
1984-11-01,0.0036913488586098,,0.0019029495718363,,-0.131004366812227,,-0.027027027027027,0.0622641509433963,0.0033445184407421,0.0043263717552213,,,,,,0.0018832391713747,0.0021217624008411,0.0013925421630822,0.1026845637583893,0.0009336428878197188,,,,
1984-12-01,0.0013023275197432,0.0054112007973197,0.0018993352326686,,0.0,,0.0138888888888888,-0.0455891059798697,0.0005451944221854799,0.0060896493261595,,,,,-0.009009009009009,0.0037593984962405,0.0039674970434517,0.0028198393077871,-0.01034692635423,-0.0019053422962359,,0.0069061638687044,-0.0105757931844887,0.0109851818670301
1985-01-01,0.0027573433776935,,0.0018957345971564,,0.0804020100502511,,0.0,0.0614143920595533,-0.0007076351455131968,-0.0003267130943168661,,,,,,0.002808988764045,0.0055857430558192,0.0050075112669003,0.0209102091020909,-0.0032061386402633,,,,
1985-02-01,0.0013593159838958,,0.0056764427625353,,0.0573643410852713,,-0.0136986301369862,-0.0461718293395675,0.0030448028837795,-0.009271363698913,,,,,,0.0056022408963585,0.0052146311970979,0.0046376145030853,0.0012048192771083,0.0005012813300830921,,,,
1985-03-01,0.0035128441602851,-0.0041033818498393,0.0047036688617121,,-0.0161290322580645,,0.0,0.1029411764705883,0.0014758222373028,-0.004635658107193,,,,,-0.0194805194805194,0.0037140204271122,0.0034959777460341,0.0039104227071569,0.0391095066185318,-0.0010695307433863,,0.0096427516058292,-0.002375296912114,0.0085014062833359
1985-04-01,0.002023915243386,,0.00187265917603,,-0.0760059612518628,,0.0138888888888888,0.0116666666666667,-0.0020856937800786,0.0165881737310309,,,,,,0.0027752081406107,0.0011799962539802,0.0014630716905128,-0.0364794441227562,-0.0045954008467845,,,,
1985-05-01,0.0028236361013211,,0.0018691588785046,,0.0935483870967741,,-0.0136986301369862,-0.0774299835255354,0.0015899005718895,0.0243818740241243,,,,,,0.0036900369003689,0.0034609844162161,0.0023716464918606,0.0270432692307691,-0.0008946735509617332,,,,
1985-06-01,0.0015106050641235,0.0054271060969615,0.0027985074626866,,0.0648967551622419,,0.0277777777777779,-0.0023809523809523,-0.0005522102991776245,-0.0210043214632674,,,,,0.0039735099337747,0.0027573529411764,0.0032998993251054,0.002706744146429,0.0040959625511995,-0.0029794657084752,,0.0063927784709705,0.0047619047619047,0.0071209781176597
1985-07-01,0.0019392770293149,,0.001860465116279,,0.0609418282548477,,0.0,0.0047732696897375,-0.005140399087529,0.0021215439364905,,,,,,0.0027497708524291,0.002935984390969,0.0024540340544418,-0.0110722610722611,-0.0074627242223175,,,,
1985-08-01,0.0019662461084712,,0.0018570102135562,,-0.0522193211488251,,-0.0405405405405406,0.0350356294536817,0.0032973961750937,-0.0007341391791300111,,,,,,0.0036563071297988,0.0048913345561669,0.0033142512805062,0.0654095462581025,0.0010599575000254,,,,
1985-09-01,0.0020952575633688,0.0194411307772259,0.0018535681186282,,-0.0661157024793388,,0.0,-0.0384394721744119,0.003717703025863,0.0042713868338772,,,,,0.0026385224274407,0.0018214936247722,0.0020650109703705,0.001689189189189,0.0597345132743363,0.0016123749139853,,0.0020510622665768,-0.0082938388625593,0.0121237652449504
1985-10-01,0.0019174868682747,,0.0037002775208141,,-0.0339233038348082,,0.0,0.094272076372315,-0.0034181749348399,0.0049507477160211,,,,,,0.0045454545454546,0.0016007654234668,0.0016676035225784,-0.0902922755741127,-0.0053680437251559,,,,
1985-11-01,0.0021377744749728,,0.0046082949308756,,0.1190839694656489,,-0.0140845070422535,-0.074154852780807,0.003382413640697,0.0014897579143389,,,,,,0.0054298642533936,0.0024616062899551,0.0028994182457582,-0.0292598967297762,0.0015751383024953,,,,
1985-12-01,0.0016862549901974,0.0112167818349857,0.0045871559633028,,-0.0163710777626193,,0.0,0.1436984687868079,0.010111214255811,0.0059670712329693,,,,,0.0236842105263157,0.0027002700270029,0.0027121128825362,0.0033759838848061,0.0602836879432624,0.0084562345962548,,0.0148015763907984,0.0011947431302268,0.0055977761167791
1986-01-01,0.0012473506475068,,0.0036529680365298,,0.0166435506241331,,-0.0428571428571428,0.015447991761071,0.0051482579354711,0.0017643796945101,,,,,,0.0044883303411131,0.0054095544427792,0.0045915047866902,0.0295429208472686,0.0036539128789074,,,,
1986-02-01,0.0011647692743994,,-0.0018198362147406,,-0.0068212824010913,,0.0746268656716417,-0.0628803245436105,-0.0068267951710463,0.0051663982823402,,,,,,0.002680965147453,0.0025811611589776,0.0,-0.0433134813210611,-0.008143602972327,,,,
1986-03-01,0.0008801481076816664,0.0134414306383652,-0.0054694621695533,,0.2087912087912087,,0.0,0.0151515151515151,-0.0072076592887286,0.0102129363860892,,,,,-0.0359897172236503,0.0026737967914438,0.0030459061570817,-0.0021834869175826,0.007357102433503,-0.0083929768705172,,0.0023481598554977,-0.0023866348448687,0.0098817139807809
1986-04-01,0.0018901489882143,,-0.0036663611365719,,-0.0261363636363636,,-0.0138888888888889,0.0303837953091683,0.0011636342479377,0.0038324302894146,,,,,,0.0035555555555555,0.001807533800882,-0.0020584526370446,0.043820224719101,7.157729517071054e-05,,,,
1986-05-01,0.0012812622955782,,0.0027598896044158,,-0.0793465577596266,,0.0140845070422535,-0.040869115364718,0.0019322934543557,0.000987361769352324,,,,,,0.0017714791851195,0.0016960161662817,0.0018397041607045,-0.0328310010764262,0.0009074328978933012,,,,
1986-06-01,-0.000937046590359536,0.0022024957368478,0.0036697247706423,,-0.0773130544993663,,0.0,-0.0037756202804746,-0.0038371956027224,-0.0007397908857762481,,,,,0.0013333333333331,0.0026525198938993,0.003008033430599,0.0037097492209527,-0.0038953811908736,-0.0048254647654241,,0.003664158820261,-0.0035885167464114,0.0027944927607705
1986-07-01,0.0032070999949573,,0.000914076782449591,,-0.0412087912087911,,-0.0277777777777777,-0.0351922035733621,0.0061063924248712,0.005248177944491,,,,,,0.00352733686067,0.0018137739067971,0.00025872264931980915,-0.0055865921787709,0.005120881546093,,,,
1986-08-01,0.0011560926080445,,0.0009132420091324532,,-0.1103151862464183,,-0.0142857142857142,0.0140291806958474,-0.0016547787841083,0.0014893129521129,,,,,,0.0035149384885764,0.0020614491090955,0.0012563278276613,-0.0303370786516854,-0.0026629254648949,,,,
1986-09-01,0.0034743141743984,0.0135509975245549,0.0036496350364965,,0.2286634460547503,,0.0144927536231882,-0.0664084117321527,0.0026846415677437,0.0009151373523115236,,,,,0.0239680426098536,0.0035026269702276,0.0032915332462746,0.0032660442115364,-0.0231749710312861,0.0016038133125464,,0.0081693723348545,-0.0108043217286913,0.0062738437544902
1986-10-01,0.0018712350151099,,0.0018181818181819,,-0.1231979030144168,,0.0,-0.0035566093657379,0.0042383981528821,-0.0006040914953713283,,,,,,0.0034904013961605,0.0033698849959882,0.0018024314432325,-0.0065243179122183,0.0030555285770514,,,,
1986-11-01,0.0018677400345581,,0.0018148820326679,,0.0568011958146488,,-0.0142857142857142,-0.0345032718619868,0.0039092788253092,0.000653466640528011,,,,,,0.0026086956521738,0.0021324234993069,0.0017808294626302,-0.0185074626865671,0.0026028561345483,,,,
1986-12-01,0.0020038282091159,0.0086778954769115,0.0036231884057971,,0.108910891089109,,-0.0434782608695653,0.1293900184842884,0.0096966112932996,0.0017305557369555,,,,,0.0104031209362809,0.0026019080659149,0.0012767315671879,0.001356155847964,0.1575425790754256,0.0082622784166721,,0.0154939819830515,0.0109223300970873,0.0078977582599533
1987-01-01,0.0016814414629535,,0.0054151624548737,,-0.0956632653061224,,0.0,-0.0321876704855428,-0.0038726326270185,0.0038625770070732,,,,,,0.0025951557093426,0.0023908192540642,0.0046669106881405,-0.1119285338938518,-0.0053979320740259,,,,
1987-02-01,0.0023937702377878,,0.0035906642728904,,0.0324400564174893,,0.0,0.0056369785794814,0.0133984488444727,0.0052926373893984,,,,,,0.0025884383088869,0.0019964311584601,0.0035158028964386,-0.0005917159763313418,0.0116945799949059,,,,
1987-03-01,0.00242768953319,0.0195477028896209,0.0035778175313059,,-0.0259562841530054,,0.0,-0.0325112107623318,0.0012957581063999,0.0012758191889665,,,,,0.0398970398970397,0.0034423407917383,0.0029622315477659,0.0026321521928549,0.0088809946714032,-0.0005072657997640118,,0.0090464011691633,0.0120048019207683,0.0103475442628282
1987-04-01,0.0033114546676682,,0.0044563279857396,,0.0308555399719494,,-0.0454545454545454,-0.0648899188876014,0.0064282654043081,-0.0375483870967742,,,,,,0.0060034305317324,0.0042368411799866,0.0037296543732914,-0.0604460093896713,0.0045376337887674,,,,
1987-05-01,0.0022561798638409,,0.0026619343389528,,-0.1142857142857143,,0.0,0.0086741016109046,0.0062755483908112,0.0405382759082988,,,,,,0.0034100596760444,0.002800973338235,0.0025433359187574,-0.0630855715178013,0.0043300141963589,,,,
1987-06-01,0.0016907832651777,0.0191955280360676,0.0044247787610618,,-0.021505376344086,,-0.0158730158730158,-0.0208845208845208,0.0053764559428823,-0.001336747676797,,,,,0.0346534653465346,0.0016992353440952,0.0027582354276138,0.0037963296149694,0.0146666666666666,0.0034070936609178,,0.000593824228028561,0.0201660735468565,0.0159536027405544
1987-07-01,0.003405299313052,,0.0026431718061674,,0.032967032967033,,-0.0161290322580646,-0.0119196988707653,0.0067514550549687,0.0027899625854728,,,,,,0.003392705682782,0.0025765568148186,0.0022942768546898,-0.0039421813403416,0.004820333041192,,,,
1987-08-01,0.0016919811828219,,0.0043936731107205,,-0.0015197568389058,,-0.0163934426229507,0.0190476190476189,0.0075044108326625,0.004197423650311,,,,,,0.0033812341504648,0.0033686988834673,0.0039521450669719,-0.0032981530343008,0.0056608050539468,,,,
1987-09-01,0.0022163639914078,0.0064556077694404,0.0034995625546807,,0.0136986301369863,,-0.0166666666666666,0.0560747663551401,0.0037744125432908,1.6014861791813217e-05,,,,,0.0083732057416268,0.0042122999157538,0.0039631033348908,0.0033665835411471,0.00198544010589,0.0020616990703365,,0.0100890207715134,0.0069767441860464,0.0145529907442765
1987-10-01,0.0047833838300193,,0.0026155187445509,,-0.024024024024024,,0.0169491525423728,-0.1061946902654867,0.0134639586308058,0.0064378713386608,,,,,,0.0050335570469797,0.0042749775908432,0.0031777592359176,-0.0442536327608983,0.0118936430317848,,,,
1987-11-01,0.0022688049021699,,0.0034782608695653,,-0.0384615384615384,,-0.0333333333333333,0.0930693069306931,0.0050589965571412,0.0038825682234067,,,,,,0.0025041736227044,0.0020940611053896,0.0019112338076023,0.0069108500345542,0.0036823646386678,,,,
1987-12-01,0.0027957280501489,0.0243422875900956,0.0017331022530329,,-0.048,,-0.0172413793103447,-0.1545893719806763,0.005607224872665,0.0089556024029544,,,,,0.0142348754448398,0.0024979184013322,0.0021068137439621,0.0018369365550374,-0.0768702814001373,0.0044211623576482,,0.0020062480295779,0.0196304849884527,0.0133733765653498
1988-01-01,0.0008875083203905287,,0.0034602076124568,,-0.0168067226890756,,0.0,-0.0921428571428571,-0.00023977286068865844,0.002105130863732,,,,,,0.0041528239202657,0.0047175455089307,0.0038963328631875,-0.075092936802974,-0.0012295523997842,,,,
1988-02-01,0.0044432450146019,,0.0017241379310344,,0.1333333333333333,,0.0,0.1589299763965381,0.0050430536856138,0.0058318178967831,,,,,,0.0024813895781636,0.0020584882870315,0.0014576491456068,0.1559485530546625,0.0042427383900631,,,,
1988-03-01,0.0026388009288578,0.0156511550913438,0.0025817555938036,,0.009049773755656,,0.0,0.0400543109300746,0.0021476426125208,0.004083541147132,,,,,0.0116959064327486,0.0041254125412542,0.0042782927574616,0.0034546857463524,0.060500695410292,0.0015162014911107,,0.0138439975973227,0.0169875424688561,0.0119363521410686
1988-04-01,0.0023256036520591,,0.0060085836909871,,0.0448430493273541,,-0.0526315789473683,0.0267624020887728,0.0057919559633992,0.0034305051069511,,,,,,0.0049301561216104,0.004851742908341,0.0048583561978994,-0.0629508196721311,0.0053004608525832,,,,
1988-05-01,0.0021960814268799,,0.0025597269624573,,-0.0214592274678111,,0.0370370370370369,-0.0966306420851875,-0.0018319115065921,0.0014077316956204,,,,,,0.0032706459525757,0.0034151511582913,0.0029043983373622,0.0104968509447165,-0.0022404921487838,,,,
1988-06-01,0.0034679217240525,0.0054870576424046,0.004255319148936,,0.0482456140350877,,-0.0357142857142855,0.040112596762843,0.0026858459842349,0.0037074798405782,,,,,0.0265895953757224,0.0040749796251018,0.0042250687411977,0.0042659452710436,0.0283933518005539,0.0023133170945213,,0.0094653688813655,0.0267260579064587,0.0115125747871331
1988-07-01,0.0021267303419858,,0.0042372881355932,,-0.0529986052998605,,0.0,-0.0074424898511502,0.00018760348779345293,0.0041708991288824,,,,,,0.0032467532467532,0.0040737277948443,0.0048521895289403,-0.0309764309764309,-0.0001886727524507137,,,,
1988-08-01,0.0011747986736143,,0.0042194092827003,,0.0132547864506626,,0.0370370370370369,0.0177232447171098,0.0050953336269183,0.0028048126293203,,,,,,0.0032362459546926,0.0024775523777851,0.0029728661522863,0.0145934676858929,0.0046571798188874,,,,
1988-09-01,0.0032079792569601,0.0096907230055982,0.0042016806722688,,0.0218023255813952,,-0.0357142857142855,-0.0006697923643670389,-0.0032114424066181,0.0019410649874671,,,,,-0.0135135135135135,0.0056451612903225,0.0053741146809533,0.0048658465545008,-0.0164383561643836,-0.0037507649197748,,0.0097399421472588,0.0206073752711495,0.0090480134158168
1988-10-01,0.0024808278230028,,0.003347280334728,,0.0213371266002844,,0.0,0.020107238605898,0.0043711487899977,0.0053237739302873,,,,,,0.0040096230954289,0.0037945655222477,0.0032566069906223,0.0557103064066852,0.0036889955046666,,,,
1988-11-01,0.0032086265949038,,0.0033361134278564,,-0.1253481894150417,,-0.0185185185185186,0.0308804204993429,0.0025188835218983,0.0003338188880797066,,,,,,0.0031948881789136,0.0027447693243265,0.0023283084923777,-0.0052770448548812,0.0016681828385098,,,,
1988-12-01,0.0026356022022755,-0.0026670598933373,0.0033250207813799,,0.0477707006369427,,0.0,-0.0038240917782026,0.0043282554074897,0.0049297697418317,,,,,0.0194063926940639,0.0031847133757962,0.0033109326339946,0.0031198073858047,-0.0046419098143235,0.0033013226520979,,0.0051482188823381,-0.0031880977683315,0.0136245588737182
1989-01-01,0.0024602892476941,,0.0041425020712511,,0.0927051671732523,,0.0188679245283018,0.0371081253998719,0.0031102546641745,0.0042716336357186,,,,,0.0201567749160134,0.0039682539682539,0.0050643664640919,0.0051215307122816,-0.0233177881412391,0.0018985682561738,,,0.011727078891258,
1989-02-01,0.0024822463396199,,0.0033003300330032,,-0.1349095966620306,,-0.037037037037037,-0.1209130166563849,-0.0044133955381373,0.002975922084949,,,,,-0.0054884742041712,0.0031620553359683,0.0025356782939436,0.0033296897334564,-0.0566166439290586,-0.0058022472121053,,,-0.0031612223393046,
1989-03-01,0.0018058774795908,0.0167079955009672,0.0049342105263159,,-0.0884244372990353,,-0.0384615384615385,-0.0021052631578947,0.002574340738257,0.0050200803212852,,,,,0.0077262693156732,0.0039401103230889,0.0029994487499596,0.0037208990496622,-0.1221981200289226,0.0009772090767146135,,0.0022993253476524,0.0063424947145878,0.0061276124698781
1989-04-01,0.0015796173609239,,0.0073649754500817,,0.0723104056437389,,0.04,-0.0583684950773558,-0.0003167457191092238,-0.0051291991590498,,,,,0.0076670317634173,0.0031397174254317,0.0033461034867368,0.0066627703097603,0.1334431630971992,-0.0020833849168591,,,-0.0021008403361344,
1989-05-01,0.0011318199107532,,0.0048740861088547,,0.0789473684210526,,0.0,-0.0059746079163555,-0.0055198768642853,-0.0045861247246077,,,,,0.0065217391304346,0.0039123630672928,0.0029966167230546,0.0036493928737308,0.0036337209302326,-0.007449443034505,,,0.0042105263157894,
1989-06-01,0.0010564065497205,0.005891798685635,0.0032336297493935,,-0.0213414634146341,,0.0192307692307691,0.0495867768595041,-0.00012129621992462702,0.0028306005992442,,,,,-0.0118790496760258,0.0038971161340608,0.0026342842456952,0.0021982017717836,-0.0427226647356987,-0.0022164898752122,,0.0010027885764525,-0.0020964360587002,-0.0017530977451958
1989-07-01,0.0003887916909661726,,0.0032232070910556,,0.1386292834890965,,-0.0188679245283017,0.0214745884037221,-0.0096417930726604,0.0035132497560241,,,,,-0.0109289617486338,0.0031055900621115,0.0025793015059276,0.0023912792519418,-0.0295007564296519,-0.0118288485513686,,,-0.0052521008403361,
1989-08-01,0.0004719207173193851,,0.0,,-0.0465116279069767,,0.0,-0.0665732305536089,0.0098793862335351,0.0026481545205645,,,,,-0.005524861878453,0.0023219814241486,0.0014061775938383,0.00011516567404834532,0.0397505845674202,0.0075601540523249,,,-0.0073917634635691,
1989-09-01,0.0023029966703662,0.0097031284012596,0.0024096385542169,,-0.0832137733142037,,0.0192307692307691,-0.0397897897897897,-0.0034172469894909,0.0029992837531334,,,,,0.0044444444444444,0.0030888030888032,0.0034626370294723,0.002220796525687,-0.0149925037481258,-0.0057659678486181,,0.004199258954302,0.0042553191489362,0.0041397874557465
1989-10-01,0.0009873672360176666,,0.0048076923076922,,0.0093896713615022,,0.0,0.1024237685691946,-0.0011099913829617,0.0049243494949196,,,,,0.0055309734513273,0.0053887605850653,0.0036256082434882,0.0039065064670738,0.0388127853881279,-0.0035047123195218,,,0.0021186440677964,
1989-11-01,0.0025443416055164,,0.0039872408293459,,0.0604651162790697,,0.0188679245283018,-0.0418439716312056,0.0033109301309264,0.000962278675904482,,,,,0.0022002200220021,0.0038284839203674,0.00266184998574,0.0021909028481736,-0.0153846153846153,0.0008925634227994195,,,-0.004228329809725,
1989-12-01,0.0007723995880535295,0.007540171273531,0.0031771247021445,,-0.0789473684210526,,0.0,-0.0740192450037009,0.0057256203699955,1.4790055166802318e-05,,,,,0.0054884742041712,0.0038138825324181,0.0028444107329099,0.0028876272513704,0.0580357142857141,0.0033229817417257,,0.014239641412485,0.0021231422505307,0.0011104618917063
1990-01-01,0.0033352934690726,,0.009501187648456,,-0.0158730158730159,,0.0,0.2398081534772183,-0.0053613605297603,0.0058567752240661,,,,,0.009825327510917,0.0037993920972645,0.0038448205225174,0.0075805638247685,0.2292545710267228,-0.0076994411793042,,,0.0084745762711864,
1990-02-01,0.0021611919523072,,0.0039215686274509,,-0.046774193548387,,-0.0185185185185186,-0.0735009671179883,0.0091375422682147,0.002073224525805,,,,,0.0021621621621621,0.0045420136260407,0.0048661036637052,0.0044075622790165,-0.2397025171624713,0.0068209926364835,,,-0.0063025210084034,
1990-03-01,0.0019098094759446,0.0025007503426883,0.0046874999999999,,-0.0287648054145516,,-0.0188679245283017,-0.1029923451635351,0.004844199632354,0.0002641193819605814,,,,,-0.0032362459546925,0.0060286360211003,0.0047956760809795,0.0037613322188645,-0.0624529721595183,0.0026110636287033,,0.0097819935864615,0.0021141649048626,0.0095596866800835
1990-04-01,0.0003830578964649778,,0.0023328149300156,,-0.0557491289198606,,0.0384615384615385,-0.0318076027928626,-0.0021422437049641,0.006410538514574,,,,,-0.0086580086580088,0.0037453183520599,0.0029849354041324,0.0020978125100086,-0.0882825040128411,-0.0042574782406912,,,0.0031645569620253,
1990-05-01,0.0013948908703025,,0.0015515903801395,,-0.014760147601476,,0.0,-0.0288461538461538,0.0028699224449051,-0.0011952307378364,,,,,-0.0043668122270741,0.0029850746268658,0.0030535534371851,0.0022532240279975,-0.0607394366197182,0.0008464425264316233,,,0.0021030494216613,
1990-06-01,0.00015477198444990847,0.0060230665745097,0.0061967467079784,,0.0205992509363295,,-0.037037037037037,-0.0288778877887788,0.0032301905573155,0.0014447492849221,,,,,-0.0043859649122807,0.0052083333333332,0.0038787241933488,0.0044165949169296,0.0384254920337394,0.001317451527556,,0.0124893253629374,-0.0020986358866736,0.0055526741843272
1990-07-01,-0.00029129041654529786,,0.0046189376443417,,-0.0055045871559632,,0.0576923076923077,-0.0050977060322854,-0.0015741195663061,0.0034682249391604,,,,,-0.0033039647577092,0.005181347150259,0.0025399073318659,0.0024763870148425,-0.0270758122743682,-0.0033411047453807,,,0.0021030494216613,
1990-08-01,-0.0018939393939394,,0.0084291187739462,,-0.025830258302583,,0.0363636363636363,-0.0478223740392826,0.003675551372519,-0.0062880295087205,,,,,0.0309392265193368,0.0058910162002945,0.0041456823486056,0.0066507260375923,-0.0083487940630797,0.0020285495991256,,,0.0010493179433368,
1990-09-01,-0.0008940300686031133,0.0067903653556711,0.0068389057750759,,-0.0606060606060605,,0.0350877192982457,-0.0044843049327354,0.00013804243138748618,-0.0004822587244988074,,,,,0.0342979635584137,0.0036603221083455,0.0035016361356616,0.0061348728193673,-0.0869971936389149,-0.0013753664627746,,0.010002635740643,0.0041928721174002,-0.0007319358681879828
1990-10-01,-0.001378768786866,,0.0067924528301888,,-0.0625,,0.0,-0.0864864864864864,-0.0061269688162354,-0.0082023539732437,,,,,0.0290155440414507,0.0036469730123998,0.0033979916802535,0.0057222369881646,-0.0522540983606557,-0.0075145276841481,,,0.0083507306889352,
1990-11-01,-0.0013989594667496,,0.0022488755622187,,0.0602150537634409,,0.0508474576271185,0.1291913214990139,-0.0124268515769411,0.0002506117875993308,,,,,-0.0060422960725075,0.002906976744186,0.0011996962794229,0.0012747368911967,0.0172972972972973,-0.0136930773818942,,,0.0010351966873707,
1990-12-01,-0.00043950409288184833,0.0078562198027225,0.0037397157816005,,-0.0588235294117647,,0.0161290322580645,-0.153711790393013,-0.0070084583169678,0.0057478887562452,,,,,-0.0030395136778115,0.0043478260869564,0.0013954405496823,0.0009315468335169276,-0.0850159404888416,-0.0081751435648513,,0.0181239316796932,-0.0041365046535677,-0.0046565913984695
1991-01-01,-0.001016800102596,,0.003725782414307,,-0.1357758620689655,,0.015873015873016,-0.1764705882352941,-0.0034247857474219,-0.0028428657258833,,,,,-0.0142276422764228,0.0064935064935065,0.0049832629011981,0.0038002761016924,-0.0871080139372821,-0.0045070100057613,,,0.0051921079958463,
1991-02-01,-0.0029434688918436,,0.0007423904974017681,,0.2019950124688279,,0.0312499999999997,0.2092731829573935,-0.0072700129524156,0.0013667024262642,,,,,-0.0206185567010309,0.0050179211469534,0.0027581009796535,0.0005099360262077468,0.0852417302798982,-0.008273594870096,,,-0.0010330578512396,
1991-03-01,-0.001471480861552,0.0088046635314193,0.0,,0.0518672199170124,,0.0303030303030302,-0.0455958549222798,-0.0056154263808223,0.0015996477839741,,,,,0.0,0.0021398002853068,0.0020891888235912,0.0002007815033902016,0.0679953106682298,-0.0065654477713524,,0.0027426052186394,-0.0031023784901758,-0.0020762586380317
1991-04-01,-0.0019341647171514,,0.0022255192878337,,0.0019723865877712,,-0.0147058823529411,0.0868621064060803,0.002655627199579,0.0039267974622339,,,,,-0.0084210526315788,0.0028469750889679,0.0019948404127672,0.001822112415071,0.0054884742041712,0.00172928505545,,,0.0020746887966804,
1991-05-01,-0.0010612380495367,,0.0037009622501851,,0.0177165354330708,,0.0298507462686568,-0.004995004995005,0.009998646824493,0.00017513901659449438,,,,,-0.0021231422505307,0.0028388928317957,0.0039967068333208,0.0041462437189803,0.081877729257642,0.0090621239946806,,,-0.0020703933747411,
1991-06-01,0.0007852266533641128,0.013230270261286,0.0029498525073747,,-0.0019342359767892,,0.0,0.0401606425702811,0.0079765898036243,0.005194880999285,,,,,-0.0063829787234042,0.0035385704175512,0.0021469465648853,0.0016884891092452,-0.0272452068617558,0.0070113781136054,,0.0028373507834666,-0.0031120331950208,0.0029267326551463
1991-07-01,-0.0003876899219081853,,0.0014705882352941,,-0.0096899224806201,,-0.0144927536231884,0.026061776061776,0.002668080133177,-0.0019307541554764,,,,,-0.006423982869379,0.0035260930888576,0.003049869078791,0.001578374733745,0.0093360995850622,0.0016652311941676,,,-0.0041623309053069,
1991-08-01,0.0001662172644332216,,0.0029368575624082,,0.0293542074363992,,0.0147058823529413,-0.0131702728127939,0.00018106306652931892,0.0023562950895974,,,,,0.0032327586206897,0.0042164441321153,0.002743952181071,0.0023102815177478,-0.0298047276464542,-0.0008959380409070405,,,0.0031347962382444,
1991-09-01,0.00024005170344376656,-0.0053907336126427,0.0029282576866764,,-0.0741444866920152,,0.0,-0.0324118207816969,0.0083629527979687,0.0027715703630613,,,,,0.0021482277121374,0.0034989503149054,0.0040085199538502,0.0034498023232738,0.0317796610169491,0.0071814045711395,,0.0033773450244698,-0.0041666666666667,0.0027836063768114
1991-10-01,0.0001938413823658891,,0.0014598540145984,,0.0759753593429157,,0.0144927536231882,0.0630541871921182,-0.0010034382989637,0.0015338976919181,,,,,0.0085744908896034,0.0020920502092049,0.0021951471043211,0.0018710923832849,0.017453798767967,-0.0022815155198702,,,0.0104602510460252,
1991-11-01,-0.000562953939293287,,0.0043731778425657,,0.0973282442748091,,0.0,0.0222428174235402,-0.0012868464079816,0.0016037913048503,,,,,0.004250797024442,0.0034794711203895,0.0018669332314116,0.0022016398420892,-0.007063572149344,-0.0026796293633835,,,0.0010351966873707,
1991-12-01,0.0002954864445594563,0.0169569401981253,0.0029027576197386,,-0.0295652173913043,,0.0428571428571429,-0.0217588395285585,-0.0043732036045993,0.0091601511785579,,,,,-0.0021164021164021,0.0034674063800277,0.0024650418910392,0.0024998106204077,0.0782520325203253,-0.005872001550954,,0.0085991184950908,-0.0103412616339193,0.0034851769490436
1992-01-01,0.0003784801713315744,,0.0007235890014474222,,0.2114695340501793,,0.0,0.0898980537534754,-0.0052186120815549,0.009948968652172,,,,,-0.0031813361611876,0.0027643400138217,0.0027224425871987,0.0013601329907813,0.0150801131008482,-0.0070467696992653,,,0.0,
1992-02-01,-0.0005352084083086739,,0.002169197396963,,-0.0547337278106508,0.00071909564581496,0.0136986301369863,0.0629251700680271,0.0070124953160812,0.0045999462160135,0.0284770452329305,0.0045144136044532,0.0049468426723566,,0.0,0.0020675396278428,0.0027150510166842,0.0025354663447025,0.0640668523676879,0.0051088751913623,0.0016182270763536,,0.006269592476489,
1992-03-01,0.0004985643194135303,0.005053384308288,0.0036075036075036,0.0479329462609683,-0.134585289514867,-0.0029961087124649,0.0,0.0376,0.0083135468448471,0.0010848431908478,-0.0268565457993111,0.008036105345343,0.0064013521007737,,-0.0010638297872339,0.0034387895460796,0.0025038941376849,0.0024236767628109,-0.0558464223385689,0.0062953898106372,0.0038599308300395,0.0061204442989193,-0.0010384215991692,0.0171398630136541
1992-04-01,0.0014211230563374,,0.0021567217828901,0.037033951260154,-0.0126582278481012,0.0060346565193225,0.0,-0.1526599845797995,0.0076219536548154,0.0029976778551825,0.0001590646995666134,0.0089921601964673,-0.0031278372265109,,-0.0031948881789138,0.0027416038382455,0.0032817831990126,0.0027031491687816,-0.0258780036968576,0.0055203712278499,0.003356608939063,,0.002079002079002,
1992-05-01,0.0011979469033072,,0.0021520803443326,0.0108620551136819,0.0146520146520146,0.0054823962260714,0.0270270270270269,0.1046405823475886,0.0032264406414195,0.0048128192176011,-0.005129020714882,0.0103349497294564,-0.0044011350295602,,0.0042735042735042,0.0034176349965824,0.0014039455211243,0.0013179769054501,0.0018975332068311,0.0010683033288232,-0.0005358984515355658,,0.0031120331950207,
1992-06-01,0.000607460722142017,-0.0116572253067966,0.0028632784538296,-0.0237478342420244,0.075812274368231,0.0028077675530757,0.0263157894736842,-0.056836902800659,0.0005389080553321879,0.0042730865369844,0.0336304052433857,0.0108963549098455,0.0196494196652829,,0.0085106382978723,0.002043596730245,0.0007804821645371884,0.0017799183331588,0.000946969696969724,-0.0016557724506174,0.0066636728604101,0.0007885645621590331,-0.0020682523267838,0.0083338781214235
1992-07-01,0.0007174722899323527,,0.0028551034975017,-0.0019864206978523,0.0520134228187918,0.0071051379781668,-0.0128205128205127,-0.005240174672489,0.0089511642673691,-0.0006535311539691557,0.0155818044734858,0.0139685798610473,-0.0043665178316764,,0.0052742616033756,0.0033990482664854,0.0037693885214176,0.0032996894409937,0.0302743614001892,0.0067393574262368,0.0056688609989432,,0.0010362694300518,
1992-08-01,0.0012133133565579,,0.0021352313167259,-0.0177746961416102,0.0143540669856458,0.003246500893834,-0.0129870129870131,0.0763827919227393,-0.0055544336058888,0.0035898149436481,-0.0303237964707897,0.001482472474825,0.003192891259395,,0.0041972717733473,0.0020325203252034,0.0009208235615727478,0.0013393455064958,-0.0128558310376492,-0.0076932730306058,0.0012580323791839,,-0.0031055900621117,
1992-09-01,0.00031214138168467187,0.0107884231608421,0.0021306818181816,0.0024914667264619,0.0220125786163523,0.0095351609058402,0.0,-0.032626427406199,0.0031422134973497,-0.0046167923691216,0.020494699646643,0.0021662604928243,0.0038525041276828,,0.0020898641588296,0.0013522650439485,0.0016243333764573,0.0016347882949157,0.0362790697674417,0.0010526511558706,0.0016667957818083,0.0023763366893878,0.0031152647975076,0.0031682477207235
1992-10-01,0.0016519975403592,,0.0042523033309709,0.0553470686184358,-0.0446153846153846,0.0072314049586776,-0.0394736842105263,0.0489038785834738,0.0068092973037443,-0.0063932028692805,0.020217759310557,0.0187516887327749,0.0014533680900363,,0.0072992700729925,0.0047265361242405,0.0038461538461536,0.003531314450198,0.0161579892280072,0.0047957353626033,0.0004845845322067888,,-0.0031055900621117,
1992-11-01,0.0012186294541822,,0.0028228652081863,-0.0393902285857824,-0.0112721417069243,0.0022153846153845,0.0136986301369863,-0.0241157556270096,0.0040339424773518,0.0015279802624199,-0.0148769680399736,-0.0060471037555697,0.0086507424144608,,-0.0062111801242235,0.0026881720430105,0.0021873391662379,0.0019664374953796,-0.0123674911660777,0.0021164712495191,0.0023251207250993,,-0.0010384215991692,
1992-12-01,0.0020407789735705,-0.0206047216437709,0.0014074595355384,0.0302842106983509,0.0586319218241042,0.0122921820085026,0.0,0.0107084019769356,0.0015788395141458,0.0356218069843936,-0.0077135091681659,0.0219162486213397,0.0082642089093702,,-0.0166666666666666,0.002680965147453,0.0018544671260039,0.0017412348010859,0.0518783542039356,-0.00021156914190267884,0.0071833211020451,-0.0005864370827873833,0.001039501039501,0.0094148167087788
1993-01-01,0.0027307182976392,,0.0035137034434293,-0.0352395304568528,-0.083076923076923,0.0115710118136391,-0.0135135135135135,-0.0138549307253463,0.0039943517974583,-0.0218137586160291,0.0139845302162298,-0.0175295059708248,0.0032399930934317,,-0.0010593220338983,0.0033422459893048,0.0029047002036139,0.002445275903721,0.0008503401360544505,0.0022527039213779,0.0002189519023689801,,0.0010384215991694,
1993-02-01,0.0022769914567279,,0.0021008403361342,0.0593322755411593,0.0134228187919462,-0.0077894784932727,-0.0273972602739726,0.0,0.0047349391266222,0.0047253233115949,-0.0016740222188403,-0.0064317227449104,-0.0017463756378067,0.0106684421935032,-0.0010604453870625,0.0033311125916055,0.001916660751047,0.0014988538176687,-0.0246389124893797,0.0030995590647064,0.0025191899835284,,0.0031120331950207,
1993-03-01,-0.0004543637090618224,0.0030238880667263,0.0013976240391335,-0.0162354292455026,-0.0033112582781457,-0.0082765448015471,-0.0140845070422535,-0.1049586776859504,-0.0009664953403861,-0.0031078962567727,0.0105754573170731,0.0666417005492545,0.0082350018001389,-0.0098667939615566,0.005307855626327,0.0013280212483401,0.002168060082188,0.0020541714352788,-0.0801393728222996,-0.0025111453490578,0.0080146619273131,0.001248470623486,-0.001034126163392,-0.0034702257190216
1993-04-01,0.0027456043056894,,0.0034891835310537,0.0049936100724192,0.1644518272425248,0.0257855211077966,0.0142857142857142,0.1615881809787627,0.0028684540801258,0.0051867792308117,0.001960969171302,-0.0038285991339674,0.0039782528881311,0.0240532810935452,0.0052798310454065,0.0039787798408488,0.0029127723654256,0.0026503060298121,0.0454545454545454,0.0013961391477173,0.0023389985393096,,0.0020703933747412,
1993-05-01,0.002466091245376,,0.002781641168289,-0.006797755013933,-0.1069900142653352,0.0094880310496805,0.0,0.0015898251192367,-0.003999748482074,-0.0014409617390349,0.0205122414798923,-0.016548066595059,-0.0011371492120106,-0.000909623475528587,0.0031512605042016,0.0026420079260238,0.0033836653554961,0.003096020445418,0.0072463768115942,-0.0054371063519075,0.00058692792241688,,0.0030991735537189,
1993-06-01,0.0016370016641342,0.0089701093581342,0.0006934812760057696,0.0291079515368017,0.0431309904153354,-0.0015076278120901,-0.0140845070422535,0.0158730158730158,0.002388237123768,-0.0018415953163009,-0.034723118626565,0.0115532953343118,0.0015195967802603,0.0239851769090699,-0.0052356020942407,0.0019762845849802,0.0009554721859235116,0.0003494110967141584,0.0161870503597121,0.0009349535910718744,0.0021905417223841,0.0133295094640764,-0.0020597322348093,0.0120497296456121
1993-07-01,0.0027630046320961,,0.0013860013860012,-0.0161352256320461,0.003062787136294,0.0145152870782512,-0.0142857142857142,-0.0203124999999999,0.0024117336217173,0.0025196546833909,0.0090169258396057,-0.0012652889076338,0.0001952948952919087,0.0069214383431859,-0.0052631578947368,0.0013149243918475,0.0020775720482335,0.0015863544410645,0.0389380530973451,0.000931618924786104,0.0003709657474959549,,0.0010319917440659,
1993-08-01,0.001359686641754,,0.002076124567474,0.009889861136046,-0.0152671755725191,-0.00019917783814582535,-0.0144927536231884,0.0366826156299839,-0.000931723658118666,0.0014558039883536,0.0076867734484455,-0.0066722972972973,0.0102685030815521,0.0163843572091793,-0.0010582010582009,0.0032829940906107,0.001863136513273,0.0017146178436502,0.0477001703577513,-0.0024824146923538,0.0016799105303431,,0.0,
1993-09-01,0.0021761415750949,-0.012834033294741,0.0013812154696131,-0.0165793256967954,0.1255813953488371,0.0058990520566442,-0.0147058823529411,0.033076923076923,0.0051169882168156,-0.0027290929537289,0.0079663309785058,0.0318680384321061,0.0053025948024658,0.0118068582729391,0.0010593220338981,0.0006544502617800152,0.0014961268491848,0.0010444167222722,0.0170731707317073,0.0034561729171134,0.0048667433718387,-0.0039253325458058,-0.0010309278350515,0.0020027560181874
1993-10-01,0.0025572464288277,,0.0041379310344826,0.0466467032923847,-0.0303030303030302,0.0061120188366809,0.0149253731343284,0.0364854802680565,0.0074319148091965,-0.0048818053053535,0.0340739636146734,0.0229074309069035,-0.0038647724023701,-0.0089966358132062,0.0042328042328043,0.0032701111837802,0.0016614310645723,0.0031444718156787,0.0287769784172662,0.0056319447344694,0.0003555480703330005,,0.0,
1993-11-01,0.002246426749483,,0.0027472527472527,-0.0208533581641234,0.0923295454545454,0.0101867850659433,-0.0294117647058823,-0.0114942528735632,0.0047564803257431,0.0027638052070089,-0.0203871944624702,-0.0114066603296331,0.0053643714678781,0.0468951327352822,-0.0052687038988409,0.0032594524119948,0.0025646743978591,0.0018923252488192,0.0543900543900544,0.0028191344475509,0.0043433934822207,,0.0010319917440659,
1993-12-01,0.0029468495499356,0.0131784757634838,0.002054794520548,0.0243421708553503,0.0559167750325098,0.008941958462113,-0.0151515151515151,0.1140988372093023,0.0056475880909161,0.0340802601841132,0.0222099549176557,-0.0014667296817196,0.0082891148761061,0.0333686091631875,-0.0095338983050847,0.0025990903183885,0.0004448893337780646,0.0002306871593757975,0.0766396462785556,0.0035627327195282,0.0047588171405887,0.0033725354548599,0.0030927835051546,0.0194172071106359
1994-01-01,0.0025019142760474,,0.0,0.0369333283420056,-0.2376847290640393,-0.0067435984098627,0.0153846153846153,-0.1702544031311155,0.0031872247158331,-0.0187374228713833,-0.0070744527649769,0.0015341678771358,9.763622694558547e-06,-0.0372052893182031,0.0,0.0012961762799739,0.0008060033351862117,0.00033153631043347787,-0.0485968514715947,0.000967322228749179,-0.00012049239681388713,,0.0071942446043165,
1994-02-01,0.0016519383631599,,0.0027341079972658,-0.0097979754220277,0.1082390953150242,0.0158364930701839,0.0,0.0511006289308175,0.0007143241417650881,0.0019149542991401,-0.0259250530285175,0.0262201580705614,0.0080744371326473,-0.00022987878764269,0.0042780748663102,0.0019417475728156,0.0021522397178483,0.0023199850137614,-0.0870503597122301,-0.0016538926497566,0.0053868909331291,,0.0,
1994-03-01,0.0040875679414085,0.0126329824854884,0.0027266530334015,-0.0043240168877286,0.0889212827988337,0.0186362814636791,-0.0151515151515151,0.1697830964846671,0.0099948927934627,0.0033210432142276,0.0852053825680732,0.0285514656842507,-0.0036319964358008,0.0152846086095761,0.0010649627263044,0.0032299741602066,0.0034223324511937,0.0027602863797118,0.0575256107171,0.0074269120199377,0.0012458653635598,-0.0085692123958089,0.0020408163265306,0.0055363816845479
1994-04-01,0.003037742180463,,0.0006798096532969478,0.0277411606175117,-0.073627844712182,0.0003131867271464195,-0.0153846153846153,-0.0632992327365729,0.0059127503382199,4.053122931213515e-05,-0.032088771502564,-0.0069320076576298,0.0037035596943835,0.0134788116075541,0.0074468085106382,0.0012878300064391,0.0014913007456505,0.0011756272401433,0.0372578241430701,0.0032080648894718,0.0037271899543136,,0.0,
1994-05-01,0.0029493071329214,,0.0020380434782609,0.016346482727169,-0.0014450867052022,-0.0037048826178387,-0.0468750000000001,0.0416382252559726,0.0046991624701984,0.0115374223182922,0.0160535828194769,0.0116132643067021,0.0172872984359111,0.0080766878194458,0.0084477296726503,0.002572347266881,0.0022336201191262,0.0014463283308514,0.0028735632183907,0.0018398501201128,0.0125437362168558,,0.0030549898167004,
1994-06-01,0.0027826300682052,0.0182058300835576,0.0027118644067796,0.0170581224146393,-0.1013024602026049,0.0115278454294527,0.0,-0.0766710353866316,0.0065410347153238,-0.0015893367524106,0.0193400997523629,0.0270631627478099,-0.0012376237623762,0.0072699538630318,0.0083769633507853,0.0032071840923668,0.0022148851286283,0.0024451975462227,-0.0279369627507163,0.0035289996929219,0.0065260208375097,0.0074635206457622,0.0,0.0155278530877305
1994-07-01,0.0032563595301038,,0.0033806626098715,-0.0003446778296326558,0.0112721417069243,0.0031740278568839,0.0,0.021291696238467,0.0012514498504365,0.0008293759614741436,0.00070144223366575,0.0059702832517842,0.0099227909636832,0.0019283921238049,0.0093457943925234,0.0019181585677747,0.0021001770737534,0.0031524592034692,-0.0162122328666175,-0.0018419662302207,0.0065084635907499,,0.002030456852792,
1994-08-01,0.0024954192478841,,0.0040431266846361,0.0060063580506575,0.0445859872611464,0.0124907738602169,-0.0163934426229507,0.0076441973592773,0.0066036352656477,0.0011762032693105,0.03273951993435,0.0220139818533393,0.0068805391171391,0.0013550942609523,0.0041152263374484,0.0025526483726867,0.0011232261245959,0.0022893707785283,0.0314606741573033,0.0034165005119362,0.0085804714060682,,0.0020263424518744,
1994-09-01,0.0030549366383512,0.0122851304787536,0.002013422818792,-0.0027213402429326,0.0320121951219511,0.0081666777119029,-0.0166666666666666,0.0165517241379309,0.0031179154672835,0.0043655296709164,0.0050987468339762,0.0045990394411294,0.0080661792275964,0.0004740129377649449,-0.0040983606557376,0.0025461489497136,0.0015187587226008,0.0011207899441023,0.0254175744371822,-0.00012173028864392864,0.0064800897413728,0.0053866824445922,0.0020222446916076,0.0092887305115101
1994-10-01,0.0018308502607442,,0.0006697923643670389,0.0279062734127448,0.0561299852289511,0.0091320506661947,-0.0169491525423729,-0.0162822252374491,0.0080739073053333,0.009503934495959,-0.0140657168739191,-0.000101411062498169,0.0137994522993663,-0.0091822041377516,0.007201646090535,0.001904761904762,0.0023498230801808,0.0016863884361935,-0.0106232294617564,0.0047528335577262,0.0059967356612489,,0.0060544904137236,
1994-11-01,0.0035597360078989,,0.0026773761713521,0.0032832487445417,-0.0965034965034965,0.0008017196887324385,-0.0344827586206897,0.0420689655172414,0.0067770504428186,-3.950123112173021e-05,0.0279146689831442,0.0308320897144265,0.0074478672225051,0.0110206217078308,0.0061287027579162,0.0025348542458807,0.001826384440295,0.0019099088902723,-0.0408017179670723,0.0033998655259337,0.0066266056080372,,0.0070210631895686,
1994-12-01,0.002554609084397,0.0227561243930127,0.002002670226969,0.0163358615817326,-0.0263157894736841,0.0048615387696451,-0.0178571428571427,-0.0370615486432825,0.0097345107671735,0.0045691562203729,0.0210134564129234,0.0018834244592182,0.0104928689461154,0.0049040155800796,-0.0010152284263958,0.0006321112515803584,0.0003401221718841718,0.0006495432016830893,0.0417910447761193,0.0063090474273672,0.0075074062634585,-0.0026850410112428,0.0069721115537848,0.0119589994503173
1995-01-01,0.0028924374811689,,0.0026648900732844,-0.0133124356510961,-0.0047694753577106,0.0043397674163685,0.018181818181818,-0.0329896907216494,0.0020889039777556,0.0032244956810107,0.0046637485077596,0.0162876502854898,0.0097757435421528,0.0039424578345275,0.0030487804878047,0.0044219835754895,0.0024888477858773,0.0020179213998448,-0.0816618911174784,-0.0013188405967607,0.0099784649096767,,0.0079129574678538,
1995-02-01,0.0016823889923691,,0.00265780730897,0.0225775792740878,-0.1070287539936102,-0.0157461564792903,-0.0357142857142855,-0.0646766169154229,-0.001343967475987,0.0020120987234932,-0.0006495769827941089,-0.0075646724275972,0.0083159341149596,-0.0112220322467964,0.0070921985815604,0.0025157232704402,0.0016279795417237,0.0017744479495269,-0.0218408736349453,-0.0047793060876366,0.0075606083115389,,0.0058881256133462,
1995-03-01,0.0017995321216484,0.0112212145282122,0.0019880715705764,-0.0062915973377704,0.1019677996422181,0.0093145630774349,0.0,-0.0509118541033434,0.0015532499793227,0.0027643400138217,0.020165829066062,0.0300859598853868,0.0113135585721111,0.0090903005804852,0.0050301810865192,0.0031367628607277,0.0024650891901776,0.001841594736694,-0.022328548644338,-0.0019400789052225,0.0093612796259305,0.0051509638080253,0.0048780487804878,0.0041853912095273
1995-04-01,0.0013857168518565,,0.0039682539682541,-0.0097260739888022,0.0081168831168831,0.0039201586041239,0.0740740740740739,0.0144115292233786,-0.0016264236455683,-0.0073729243332509,0.0112666863509922,0.0084394452921399,0.0106444880976861,0.0007020259252092931,0.01001001001001,0.0031269543464664,0.0023104049288638,0.0026380411141513,0.026916802610114,-0.0051365557679808,0.0080932133030946,,0.0097087378640776,
1995-05-01,-0.00017083941948770054,,0.0019762845849802,0.0094913507836804,0.0853462157809983,0.0097198455967209,-0.0344827586206897,0.0370955011838989,0.00464187727555,0.0101262837979458,0.0104650090666011,0.0021825875043517,0.0037229114899437,-0.0009758863994578926,0.0089197224975221,0.0018703241895261,0.001711959452173,0.0015394735000628,0.0095313741064337,0.0010347610572205,0.0066667431161577,,0.0028846153846153,
1995-06-01,0.0020247930353953,0.0081792284509987,0.0019723865877712,-0.0182349939151258,0.07566765578635,0.012385090597381,0.0,-0.0251141552511415,0.0033030979626011,0.002995759249893,-0.0136871720781689,0.0084574787894982,0.0061890262311201,0.0065706291953422,-0.0039292730844793,0.0024891101431239,0.000861245306885916,0.0009781591045652238,0.0267505900865461,-0.0003965659532051413,0.0040636514455787,0.0035835280016631,0.0019175455417066,0.0058233725042293
1995-07-01,0.0008014596797571993,,0.0013123359580051,-0.0075707592751798,0.0551724137931035,-0.0028223844282238,0.017857142857143,0.1405152224824355,-0.0042324612951637,0.0022498060512023,0.0262894148485082,-0.0163093881660881,0.010145865570496,0.0022174167003887,-0.0029585798816569,0.0018621973929238,0.0015865546218487,0.0012424441249143,0.0375478927203065,-0.0079880768570939,0.0034819990139836,,0.0028708133971291,
1995-08-01,0.0021639120804226,,0.0019659239842726,0.0366450659772352,-0.0836601307189542,0.007812804997072,0.0,-0.030800821355236,0.0131508372397071,0.0006708465567510924,0.0136568509615384,-0.000996673266259962,0.0014384886957703,0.0066758991635942,-0.002967359050445,0.0024783147459728,0.002389486260454,0.0021611221103705,0.0236336779911374,0.0092125221125751,0.0032509913313749,,-0.0047709923664122,
1995-09-01,0.0020487274087424,0.0094921604343136,0.001308044473512,0.0375910139144404,-0.0328102710413694,0.0023484294575371,-0.0175438596491228,-0.0331920903954802,0.0040091598549092,0.0032746306371347,0.0218470705064548,0.0093565043883891,0.0045423151400618,0.0054719090519712,0.0,0.0024721878862792,0.0013258159124691,0.0006817201608304568,0.0252525252525253,-3.5699750815521014e-06,0.0040282881721795,0.0054962464658283,0.0009587727708533222,0.0123257088017652
1995-10-01,0.001323435843054,,0.0026126714565644,-0.0293553925394099,0.0265486725663717,-0.0040095456170352,-0.0178571428571427,0.0,-0.0015338202560396,0.0011436648676432,-0.0121549685972469,-0.0086553488185715,0.0039228092375831,0.0020234255276518,-0.0039682539682538,0.0030826140567201,0.0024341313360973,0.0025998943358451,-0.0147783251231526,-0.0056596207006933,0.0042794651994992,,0.0009578544061301652,
1995-11-01,0.0012200184697239,,0.001302931596091,0.0043287258880964,-0.0459770114942529,0.0120673599255005,0.018181818181818,0.060628195763331,0.0024122233988421,0.0027467943369829,-0.0014095881359664,0.0040959862029938,0.0006050293061070633,0.0041665765979983,0.0019920318725097,0.0018438844499077,0.0006404098623118415,-2.773425041247002e-05,0.0214285714285713,-0.0018490084168777,0.0025847800752472,,0.0,
1995-12-01,0.0012269938650306,0.0150420032404445,0.0013012361743658,0.0456816056767384,0.0677710843373493,0.008314802745083,0.0,-0.0144628099173553,0.00349163927319,0.0013696350626575,0.0156155802908437,0.0109898957368865,0.0010203696005441,0.0009113006664334122,0.0039761431411531,0.0006134969325153339,0.0014,0.0019137163539542,0.0083916083916084,-0.0008836527832065677,-0.0014005332565844,0.0025694789533008,-0.000956937799043045,0.0065223205791806
1996-01-01,-3.380662609875351e-05,,0.0051981806367771,-0.0457682861849962,0.007052186177715,-0.0080798863112466,0.0,0.0251572327044025,-0.0054113249543017,0.0013677617282372,-0.0111769049239188,0.0188739348570519,0.0058559012047383,0.0308000853118453,0.0019801980198019,0.0036787247087675,0.0011317488848943,0.0022284045453917,-0.0381414701803051,-0.009846382039623,0.0054242757906808,,0.0047892720306512,
1996-02-01,0.0035751715744278,,0.0019392372333548,-0.032302992182586,0.0770308123249299,0.015855370653429,-0.0178571428571427,0.016359918200409,0.0142961025250489,0.0077358081111096,0.0234264044861565,0.0059012036892294,-0.0009049660533471116,-0.012320521335749,-0.0019762845849802,0.001832620647526,0.00130336480915,0.0015743681811906,0.0237923576063445,0.0097552284825037,0.0005521181351124671,,-0.001906577693041,
1996-03-01,0.0021391455208481,0.0031916324144158,0.0032258064516128,0.0942012163981613,-0.0624187256176853,0.0088817403116863,0.0,-0.044936284372904,-0.0015205909976133,0.0032428461041509,-0.0014592483440392,0.00435137340223,-0.0007513430256583797,0.0114179687775062,0.0059405940594059,0.0024390243902439,0.0023111252789289,0.0030196900336438,0.0119718309859155,-0.0060781736672488,-0.0021497522892188,0.0045938659800046,-0.0009551098376313628,0.0111500796776686
1996-04-01,0.0013866361886833,,0.0038585209003214,-0.0493768790611968,0.0208044382801664,0.0036700936458289,0.018181818181818,0.0646067415730338,0.0100495555474118,-0.0060101768961728,0.0047136696419616,0.0169819349348188,0.0135886478606128,0.0277196634513294,0.0088582677165354,0.0012165450121652,0.0013649253929128,0.0029968519307699,0.0180932498260264,0.0053895693778749,0.0029975352475772,,0.0057361376673041,
1996-05-01,0.0027526477450108,,0.0019218449711724,0.048919211885481,0.013586956521739,0.0075602303005459,0.0,-0.0079155672823219,0.0074783008332963,0.0126646596293331,0.0128768217209023,0.0179789527069862,-0.0005234005374128436,0.0164650173422935,-0.0068292682926829,0.0024301336573511,0.0017336068285582,0.0017269500143912,-0.0041011619958988,0.0027962486066801,0.0016631203564922,,0.0038022813688212,
1996-06-01,0.0023684783154511,0.0009977412825952214,0.0019181585677747,0.0005896584843954056,-0.0335120643431635,-0.0010679661024785,-0.0535714285714284,-0.0246010638297872,0.0074681413544825,0.0060587054691421,0.0003801264272338401,-0.0220705460342766,-0.0035378963124234,0.0032723189144698,-0.0108055009823182,0.0024242424242424,0.0007662227858804549,-1.3682323805941364e-05,-0.0192175703500343,0.002778869096101,-0.0006379803594627198,-0.000361015174671242,-0.0018939393939393,0.0145454508269833
1996-07-01,0.0020539538611827,,0.001914486279515,-0.0061422001348732,0.0679611650485436,0.0012218375696539,0.0377358490566037,0.0034083162917519,7.943684572353504e-06,-0.0026058875603157,-0.0232492681828416,0.0129909827296346,0.0011338290731981,-0.003738271194885,-0.0009930486593844323,0.0018137847642079,0.0018876890989254,0.0021207892072352,0.0146955913226032,-0.0046106508423395,0.0046872152302777,,-0.0047438330170778,
1996-08-01,0.0015331416906219,,0.0012738853503184,-0.0383768980609824,0.0727272727272727,0.00012018564058946524,-0.0727272727272727,0.0577445652173913,0.0050389038861518,0.0025501912643448,0.0166993256872802,0.0173883524441762,-0.0007357408869397286,0.0067678059139955,0.0009940357852884496,0.0018105009052504,0.0008564238375692312,0.0009420952745047284,-0.0255172413793103,0.0003972006355208446,0.0021738215361672,,-0.001906577693041,
1996-09-01,0.0017554222580886,0.0010983806746418,0.0031806615776082,0.0516941071769119,-0.0677966101694915,0.013394466578541,0.019607843137255,-0.0526653821451509,0.0064587178200279,0.0023566672485597,-0.00014171733061241198,-0.0021132243354465,-0.0071932328183491,0.0190526178101493,0.0109235352532273,0.0030120481927711,0.0030278297043258,0.0028236256990858,-0.0148619957537154,0.0017836943705071,0.0007270356247455201,0.0039966774609059,-0.0076408787010505,0.0092255737257889
1996-10-01,0.0021177643052903,,0.0031705770450221,-0.0010638169267779,-0.0649350649350649,0.0082278250082095,0.0,-0.0562711864406779,-0.00013219341598247336,-6.219911179672355e-05,0.0455827533910677,-0.0042601674344875,0.0029914672355175,0.0102280223440449,0.0058939096267192,0.0018018018018017,0.0023755774884504,0.0030333120230694,-0.0244252873563218,-0.0048206908938515,0.0037084856467315,,-0.0028873917228104,
1996-11-01,0.0024530725562508,,0.0031605562579013,0.0333825469243522,0.0708333333333333,-0.0004387948973129108,0.0384615384615385,0.069683908045977,0.0088240953698697,0.0027369311537408,0.0066965798641704,0.0140167155862891,0.0007269434313390555,-0.001526309948678,-0.001953125,0.0023980815347719,0.0013093632566483,0.001776512069433,0.0397643593519883,0.0040162478763698,6.770285218182792e-05,,-0.0038610038610037,
1996-12-01,0.0015046171906647,0.0102202736897205,0.0025204788909893,-0.0494838479239736,0.0440985732814527,0.004652362612745,0.0,-0.0799194089993283,0.0063204579899101,0.0034118260092801,-0.0191346969554152,0.0219057781702665,0.0006184907994304378,-0.0237334329877644,0.0029354207436398,0.0011961722488038,0.0003922953199169133,0.0011506545193649,-0.0007082152974504652,0.0014704084787562,0.00018816136479715695,0.0048680471457176,0.0,0.0123610664720097
1997-01-01,0.0018160355942975,,0.0018856065367693,-0.0031109085084888,0.0310559006211179,0.0067119838191638,-0.0185185185185186,-0.010948905109489,0.001807765655805,0.0028561890277829,0.000933527360588604,0.0103460278214531,0.0099187747347111,0.0041743801952884,-0.0029268292682926,0.002389486260454,0.0010587820085488,0.0012980691221808,-0.0205527994330262,-0.0029795773308012,0.003124483648967,,0.0009689922480620172,
1997-02-01,0.0025707999967041,,0.0018820577164364,0.0518702070729852,-0.0349397590361445,0.0086853021062194,-0.0188679245283017,0.0966789667896679,0.0118090727142845,0.0027864082457955,0.0317514744205185,0.0097649057365851,0.0005504232919419927,0.0111845391450655,-0.0097847358121331,0.0017878426698449,0.0020500365611615,0.0021066277750767,0.0455861070911722,0.0068363020118842,0.0029083584296254,,0.0019361084220717,
1997-03-01,0.0025888637764537,0.0167445873769926,0.0006261740763933155,-0.0155856210455819,0.0374531835205993,0.0032782958185093,0.0,-0.0195154777927322,0.0062344171373327,0.0047581577200188,0.0242605516782985,0.0050822931494922,0.0057270006527549,0.0082090946759503,-0.0118577075098814,0.0017846519928614,0.002397675297429,0.0010510996119017,-0.0062283737024221,0.001201580650737,-0.00036014073191681373,0.0135907501759995,0.000966183574879098,0.0110461428855339
1997-04-01,0.0024264283957702,,0.0006257822277846437,0.0387066743053565,-0.1046931407942238,-0.006835838186071,-0.0192307692307693,0.0240219629375428,0.0008368930786921691,0.000746442162969041,0.0093316028552887,0.0049395432678238,0.0014858477087738,-0.006917370303336,-0.012,0.0029691211401425,0.0019499512512188,0.0009826885281210007,-0.0104456824512534,-0.0042504908304887,0.0042153625667094,,0.0,
1997-05-01,0.0021261632566278,,0.0,-0.0314155377066887,0.021505376344086,-0.0075061772366048,-0.0392156862745096,-0.0335120643431635,0.0055590432028982,0.0043897190090729,0.0014658797207114,0.0049152641080891,0.0056370291266885,0.0139051405850609,0.0,0.0017761989342806,0.000726565034057769,-0.0004706894928656613,-0.0049261083743842,0.00028696703346642316,0.0038674920733168,,-0.0019305019305018,
1997-06-01,0.0021869338860509,-0.0014463397270679,0.0018761726078797,0.0370256130402286,0.043421052631579,0.0140313732174817,0.0204081632653061,0.0360610263522884,0.0046703614191465,0.0032139857075028,0.0129168111141071,-0.0027121944434785,0.0173675144391529,0.0026458879891411,0.0,0.0011820330969267,0.001478004952613,0.0012916419998925,-0.0084865629420084,-0.0007996911207988067,0.0060331750995301,-0.0055093824311915,-0.0019342359767892,0.0129335170194873
1997-07-01,0.0024182910743075,,0.0012484394506866,0.0230626673072962,0.0151324085750315,0.0117050124526114,-0.0199999999999999,-0.0381526104417671,0.0083645702311321,0.0037861780231782,0.0153380065661878,0.0126564624664411,-0.004039679694036,0.0175831263290315,-0.0030364372469635,0.0017709563164107,0.0006731827302737248,0.0005912389142703756,0.0271041369472182,0.0026952855830335,0.0020562517078501,,0.0,
1997-08-01,-0.00014620951823962614,,0.0024937655860348,-0.008710723470871,0.0124223602484472,0.0026497247521894,-0.0204081632653062,-0.0327070285316631,0.0099889397538972,0.0051863583060314,-0.0184396808948925,0.0026741036588164,0.0035680570889133,0.003424797226275,-0.0010152284263958,0.0005892751915146377,-0.00038811338085564806,0.000805758487322672,0.00625,0.0040839604035998,0.0011998593671325,,0.0,
1997-09-01,0.0039969778947623,0.0065669449139205,0.0024875621890545,0.0030061702631667,0.0306748466257669,0.0043740106144982,0.0208333333333334,0.112230215827338,0.0092959530930036,0.0026218940177518,0.0084581923634605,0.0136324615120471,0.009079748732502,0.0108397058754552,0.0,0.0023557126030622,0.0020707417137977,0.0024153292898931,0.0310559006211179,0.003195180493833,0.0062080564658824,0.0018229598238594,-0.002906976744186,0.0159848377110358
1997-10-01,0.0027835093255654,,0.0018610421836229,-0.00019118846121402025,-0.0476190476190476,-0.0020667616103372,-0.0408163265306122,-0.0168175937904269,0.0087444655281465,0.00494218127729,0.0012107911763592,-0.0009485523284701314,0.0035075800067938,0.0103166771328608,0.0020325203252031,0.0023501762632198,0.0015240161700698,0.0012984579139003,0.0033467202141901,0.0024518251884173,0.0037528966039281,,-0.0038872691933916,
1997-11-01,0.0024691557262626,,0.0012383900928791,0.0752864157119477,0.08,0.0026279608068362,-0.0212765957446809,-0.006578947368421,0.0079704910955988,0.0064696333078684,-0.0136427194739428,-0.0043629622931549,0.0080888315082621,-0.0145224404313559,-0.0050709939148072,0.0011723329425556,0.00029660197304792746,4.010641568963358e-05,-0.020013342228152,0.0015242119292624,0.0017673408887557,,0.0,
1997-12-01,0.0025274681048013,0.0090366382300992,0.0006184291898578831,-0.0910992902237076,-0.0821759259259259,0.0032155875716022,0.0217391304347827,0.0370860927152318,0.00451838036939,0.0057520339666501,0.0094252873563218,0.0254410462502554,0.0091562576871566,-0.0026238523558745,-0.0091743119266054,0.002341920374707,0.0005801361386139625,-0.00021389230522439465,-0.0088495575221239,-0.001987898007265,0.00516960575627,0.01308015880518,-0.0048780487804878,0.0135446535103971
1998-01-01,0.0021116187203429,,0.0012360939431395,0.0029809518328824,0.0996216897856241,0.0017561996876906,-0.0212765957446809,-0.0261813537675607,0.0044909109963606,0.0087968586017004,-0.0003795642602292259,-0.0060114915805905,0.0024530477377018,0.0057085360136195,-0.0133744855967078,0.0023364485981309,0.0015332482960328,0.000494731775151136,0.0679945054945054,-0.0020686948545056,0.0026867655990703,,-0.0068627450980391,
1998-02-01,0.0016344582251706,,0.0,0.040060130358946,-0.0068807339449541,0.0004188490718390891,0.0,0.038688524590164,0.0016574448081549,0.0063121719716185,-0.0136315309842041,-0.003218836318275,0.0102127462483789,0.0037711828969499,-0.0093847758081335,0.0017482517482518,0.0008490711676014673,-0.0005078516538589151,0.0591639871382636,-0.0048768411052435,0.0063788748302018,,-0.0029615004935833,
1998-03-01,0.0011838484673962,0.0036291179045775,0.0,-0.0241849175263418,-0.0346420323325634,0.0060383971271213,0.0217391304347827,-0.0107323232323232,0.00041071650500357215,0.0057382476274552,0.0113048722587929,0.0245488574780714,0.0065142472892325,0.0289837854351271,-0.0094736842105264,0.0017452006980802,0.0010668654721199,0.00016045569417144634,-0.0255009107468123,-0.0060875372138505,0.0049384307543856,0.0077910869032762,-0.0029702970297029,0.0104373094289385
1998-04-01,0.0022210859352529,,0.0012345679012344,0.0227773820426715,0.0358851674641147,0.0124547907826826,-0.0851063829787235,-0.0172303765156349,0.0036239428687714,0.0031530439000728,-0.0150484697761762,-0.0013741656851197,-0.0005883715015619906,0.011163492306262,-0.0021253985122209,0.0017421602787457,0.0018361346156314,0.0012299629674192,-0.0361370716510903,-0.0027905428144721,0.0020750782163005,,-0.0039721946375372,
1998-05-01,0.0032046682929163,,0.0024660912453762,-0.0015532155984854,0.0242494226327945,0.004614680531896,0.0232558139534884,-0.0025974025974025,0.0062727299519613,0.0040872248319057,-0.0061706129389637,-0.0023698752812179,0.0074026526488506,-3.855558900334177e-05,-0.0021299254526091,0.0023188405797101,0.0009740592638161072,0.0013753321493903,0.004524886877828,4.8040373128444e-06,-0.0008509028135327279,,0.0009970089730808596,
1998-06-01,0.0018435523346365,0.009993754010374,0.0012300123001232,-0.0467519957483086,0.0405862457722661,0.0079974691553306,0.0227272727272727,0.068359375,-0.0060098688372486,0.0056644230658975,-0.0024109816324678,-0.0124905581889237,-0.003140634838048,0.0427864901938976,-0.0064034151547492,0.0017351069982647,-0.0012548015364917,-0.000840067205376438,-0.0019305019305019,-0.0119655984540683,0.0004597281009743881,0.0071059057715232,-0.0049800796812748,0.014096183086095
1998-07-01,0.0010231923601637,,0.0024570024570023,-0.0100470994082084,-0.0509209100758396,-0.0065279887517731,0.0,0.0347349177330895,-0.0040131248629878,0.0017672880679551,-0.0105507984563609,-0.0012194040439872,0.0014863842662631,-0.0094385908526587,-0.0085929108485499,0.0017321016166282,0.0028204405015255,0.0024689380897091,0.0380399742101869,-0.0095931073547965,0.0019341139469954,,-0.004004004004004,
1998-08-01,0.0026861059387504,,0.0012254901960784,0.0502994855067786,-0.0342465753424657,-0.0043468920985126,0.0,-0.0494699646643109,0.0205937796206425,0.0032324152060094,-0.008365178794206,0.0160047947790185,0.0091052255913108,0.0023200390501623,-0.0032502708559046,0.0028818443804035,0.0019559714658281,0.0013845252675861,0.0273291925465839,0.015154973968497,0.002184130468902,,-0.0050251256281407,
1998-09-01,0.001643697053989,0.0285623465450719,0.000611995104039087,0.0133439086648829,0.0212765957446807,0.0091844030138041,0.0222222222222221,-0.0198265179677818,-0.0008777177945977765,0.0029610637139227,0.0220759614365928,0.0050142014419924,0.0056398856304547,0.0134712012787971,0.0021739130434783,0.0011494252873562,-0.00017862838915461143,-0.0005849508109544432,-0.0465538089480048,-0.005972458984682,0.0041749385528193,0.0027579549763849,-0.005050505050505,0.0136965791997965
1998-10-01,0.0015936632163595,,0.002446483180428,-0.0159572708932764,0.0335648148148148,0.0167637811779501,-0.0217391304347824,0.084070796460177,0.0069211460508038,0.0014478819071319,0.0281423703338992,0.0235546038543896,0.002813431530529,0.0005398827804246054,0.0010845986984815,0.0011481056257176,0.0019525018823138,0.0021948494200274,0.0900443880786303,0.0019946727642028,0.0022487544533835,,-0.0010152284263958,
1998-11-01,0.0021818926540322,,0.0012202562538132,0.021694197516342,0.1142217245240762,0.0071820539354934,-0.0222222222222221,-0.032069970845481,-0.0008551628439812387,0.004122756486282,-0.0029489231389648,0.001316823481936,0.0058522936018139,-0.00013842922382167888,-0.0054171180931744,0.0022935779816513,0.00017831214815200447,5.309194197056222e-05,-0.0273414776032576,-0.0055946008278406,0.00406625650028,,0.0020325203252031,
1998-12-01,0.002868797698674,-0.0021908592409674,0.0018281535648996,-0.021798245614035,-0.0462311557788944,0.0091652987625414,0.0,0.0795180722891566,0.0042725528849536,0.0019460505298207,-0.0092900388032913,-0.0123342878354014,0.0046228656601881,-0.0012093042968446,-0.008714596949891,0.0034324942791761,0.0017191320293397,0.0009954210631097915,0.041866028708134,-0.00031371266117441454,-0.00037491172406500795,-0.0021200765519533,-0.0010141987829613,0.0095980783211837
1999-01-01,0.0008307470453619015,,0.001824817518248,0.0454142940411603,-0.0779768177028451,0.0013710298949418,-0.0227272727272728,-0.0245535714285713,0.004156745724088,0.0055349103524153,0.001160980837437,0.013121865839123,0.001241291677837,0.0025870275209374,0.0032967032967032,0.001140250855188,0.0014365076338302,0.0014187218244496,-0.0057405281285878,-0.00026496891194238703,-9.56197786262658e-05,,0.0,
1999-02-01,0.0032732455247372,,0.0,-0.0052592922204292,-0.0308571428571428,0.0107425830808367,0.0232558139534884,-0.0446224256292906,0.0057283254713744,0.0035170380956635,-0.0033259847336026,0.0247061442092655,0.0083921726850917,0.0246748812812316,-0.0010952902519166,0.0,-0.00034274398293898667,-0.000569332821375168,-0.0069284064665127,0.001437562519313,0.0052373082779366,,-0.0020304568527919,
1999-03-01,0.0008351545426164009,0.0072203591386845,0.0006071645415908211,-0.0046188007286602,0.017688679245283,0.0045968259057389,-0.0454545454545455,0.0239520958083832,0.0020938061551758,0.0010013462544087,0.0062522375083107,-0.0026789408357468,0.0033609410634978,0.0150321902003007,0.0032894736842103,0.0005694760820045275,0.00030476577480342826,0.000755126914312898,-0.0319767441860464,-0.0020257975129401,0.0067699804474097,0.0038931508107862,-0.0040691759918615,0.0139546078296377
1999-04-01,0.0028855077323808,,0.0066747572815533,-0.0091830049434454,0.063731170336037,0.0072207350788098,0.0238095238095237,-0.091812865497076,0.0022755620524774,-0.0031010681456945,0.0105335383286109,0.0109415998589519,0.0012361925270167,-0.0114456082666645,0.0098360655737705,0.0034149117814457,0.0025643304177827,0.0048318131875406,-0.039039039039039,-0.0016803888236422,0.002630152167192,,0.0020429009193052,
1999-05-01,0.0016407847772499,,0.0006027727546713546,0.0162301290213287,-0.0326797385620915,0.0089433889027514,-0.0232558139534883,0.0373470701867353,0.0060932662670165,0.0019065670643327,0.00011316484345536004,0.0216360950387788,0.0021869161585585,-0.0019621618358151,0.0075757575757573,0.0011344299489506,0.0009623298512189128,0.0006455352673042647,0.0249999999999999,0.0022414333421472,0.002733050420983,,0.001019367991845,
1999-06-01,0.0021815415191603,0.0039332004111916,0.0,-0.0181380167022472,0.0394144144144144,0.0028029128309812,0.0238095238095237,-0.0322780881440099,-0.0005728840151854042,0.0035610554077964,0.0033819887099411,0.0312798112165486,0.0006105667793867564,0.0162354713909793,-0.0021482277121374,0.0005665722379604166,0.0005186525154645683,0.0003159765650715407,0.0378048780487805,-0.004309170789978,0.0026252275516582,0.0006520620030885382,0.0,0.0050165407886153
1999-07-01,0.0025176428665494,,0.0042168674698794,0.0355605454844185,-0.0249187432286024,0.007856754185767,0.0,0.0705580500320719,0.0057895578494062,0.0020625187123672,0.0164645148356055,0.0148101265822784,0.0107849119551128,0.0089939080072567,0.0096878363832075,0.0028312570781428,0.0018080210387902,0.0026586293581121,-0.0117508813160986,0.0021381492190173,0.0048053208006684,,-0.0010183299389002,
1999-08-01,0.0011977065850681,,0.0023995200959807,0.0017505539895177,-0.0077777777777777,0.0107746566403579,-0.0232558139534883,-0.0125823846614739,0.0044674897745988,0.0043931966315136,0.0187741919577919,0.0100747450130012,0.0022861388543586,-0.0057534375146651,0.0106609808102344,0.0011293054771317,0.0004795860415220954,0.0018114753022406,-0.0065398335315101,0.0008262601385180535,0.0016602328492421,,0.0030581039755352,
1999-09-01,0.0015667327833046,0.0203950712867291,0.0041891083183722,-0.0026608381640216,-0.0750279955207167,0.0041770741267339,0.0,-0.007888349514563,-0.0042113054266538,-0.0011127759904808,0.013092141085365,0.0109716826096455,0.0054849102598828,0.0133212141481597,0.010548523206751,0.002820078962211,0.0026490734550226,0.0035901937918474,-0.0718132854578097,-0.007775110107643,0.0057428598555919,-0.0007430949332357661,0.0010162601626015,0.0100272465513284
1999-10-01,0.0031208581203958,,0.0017878426698449,0.0298396061616643,0.0556900726392251,0.0019172116624635,-0.0238095238095239,-0.0165137614678898,0.0129772727018317,0.0056141976329926,0.002567869385025,0.0083532219570405,0.0105519854533595,0.0113175104671001,0.0020876826722338,0.0016872890888637,0.0017110577104537,0.0016972830415311,0.0631850419084461,0.0093830277151858,0.0031647675064689,,0.0030456852791878,
1999-11-01,0.0022200542338508,,0.0017846519928614,-0.0408641613594658,-0.0103211009174312,0.0120198000137499,0.0,0.0248756218905472,0.0052225380252928,0.0065809678410038,0.0082318743894593,0.0227740763173833,0.013044362758853,0.0280205709653562,0.0072916666666666,0.0016844469399215,0.0009545460254460902,0.0008993391812104345,0.0139478471801091,0.0016962523691359,0.0112666992899945,,0.0020242914979757,
1999-12-01,0.0023454386583476,-0.0052689290221545,0.002375296912114,0.0522355664882072,0.011587485515643,0.0184854603438189,-0.0243902439024389,0.0364077669902913,0.0078645632935745,0.0077801508085253,0.0184207105975211,0.0216109840650879,0.0047053039404756,0.0105376478976546,0.0072388831437435,0.0016816143497757,0.0012673317021145,0.002317949786436,0.006578947368421,0.0043730410007642,0.0079080983784098,0.0055029917512328,0.0,0.0148011005354635
2000-01-01,0.0017817269751934,,0.0029620853080569,0.0255469991443588,0.0,-0.006740457194947,0.0,-0.0421545667447307,-0.0005922749028146601,0.0065415306100382,-0.0022159829218488,0.0089359766701446,0.0089116485515987,-0.0056889075802698,0.0041067761806981,0.0033575825405709,0.0023936036894078,0.0027283357152139,0.0261437908496731,-0.0040201980967177,0.0024295235917908,,0.002020202020202,
2000-02-01,0.0009083622762489084,,0.0041346721795627,-0.0866557409614621,-0.0194730813287514,0.0148333855635642,0.0249999999999999,0.0617359413202933,0.0036725343542942,0.003877925900463,0.0062673689840815,0.028294131685715,0.0062336047655482,0.0112072260300151,0.0194274028629857,0.000557724484104849,0.0014877417580356,0.0031355273386886,-0.0202663578459756,0.00024983912797615915,0.0056244479278049,,0.004032258064516,
2000-03-01,0.0035996461364815,0.0077314415030269,0.0058823529411764,0.0446900946653543,0.0514018691588784,0.011660907286229,-0.0243902439024389,-0.0765687967760506,0.0037971958165603,0.0026858708213841,0.0181996764501963,0.0200973060326301,0.0074543522758516,0.0198075685019092,0.0020060180541625,0.0033444816053511,0.0020472873442689,0.0043011030456459,-0.0242316784869975,0.0003898953740131272,0.0036905712055197,0.0388562716184233,0.0040160642570281,0.0197913422029487
2000-04-01,0.0022189124289491,,-0.0005847953216373547,0.0151668141362619,-0.0655555555555555,-0.0150658449373528,-0.05,0.0137157107231919,0.0062332226215933,0.0051225681141477,0.0141179140895419,-0.006025010111905,0.0092860584455622,-0.0057976994511148,-0.014014014014014,0.0016666666666667,0.0006602715834058692,-0.0008359591023084922,-0.0327074500302846,0.0028426910321257,0.0059843603617384,,0.0,
2000-05-01,0.0016453354361276,,0.0017554125219425,-0.0330079366706999,0.0190249702734839,0.0012839149074326,0.0526315789473683,-0.0313653136531365,0.0029584269953233,0.0041408746801439,-0.0044875166463367,0.0014072924879404,0.0056752741658181,0.0002969807372577016,0.0030456852791878,0.0022185246810868,0.0010706771410431,0.0008366585146093453,-0.0338134001252348,-0.0004032125841191281,0.0055479149100861,,0.002,
2000-06-01,-0.00033306839256652676,0.0109157433226121,0.0058411214953271,0.1651007921275038,-0.0746791131855308,0.0074725307118064,0.0,-0.0101587301587301,0.0005882226658937562,0.0027491990314361,0.0300928528069426,0.0331603498048644,0.006429982240369,-0.0119179383978981,0.01417004048583,0.002213613724405,0.0007586215473391889,0.0033952800462992,0.0187945560596241,-0.0027410075875853,0.0088395445259086,-0.0163192885228304,-0.0009980039920161057,0.0066319785582875
2000-07-01,0.0013251451980524,,0.0029036004645761,-0.1387062276729845,0.1185372005044136,-0.0028966213399067,0.0,-0.0615779345734445,-0.0018966538220578,0.0052724262651187,-0.0048016587548426,0.0033349721402817,0.0029388288222915,-0.0146037708807145,0.0,0.0022087244616233,0.002286566422269,0.0024993911739448,-0.0190839694656488,-0.0051742265767867,0.000946125356926064,,-0.0009990009990009652,
2000-08-01,-4.5373423273487035e-05,,0.0,-0.0028267244339946,-0.0439684329199548,0.0010563767743829,0.0249999999999999,0.0533151059466849,-0.0026870163370593,0.0061049164507569,0.0210208893031416,0.004867412023161,0.0032229102879901,0.0274893307561288,0.0019960079840319,0.0022038567493112,0.0012770600342204,-6.392717416314753e-05,0.0064850843060959,-0.0059457327886036,0.0067161601328598,,-0.002,
2000-09-01,0.0009301973833470978,0.0048942127988755,0.0052113491603937,0.0594341122238117,0.0754716981132075,0.0169648026147046,-0.0487804878048779,-0.0220635950681375,0.0039303804289254,0.0010425897930459,-0.0023197869232751,0.0259015141048251,0.0005572802103241958,0.0111617314901388,0.0119521912350597,0.0021990104452995,0.0024270341889867,0.0042961807464614,0.0115979381443298,0.0006615769184805664,0.00016479783109146773,0.0199302996225489,0.0060120240480963,0.0089297916384472
2000-10-01,-1.511110439511576e-05,,0.0017281105990785,-0.0689632752679459,0.0230263157894736,-0.0022374508193176,0.0,0.0278699402786994,-0.0034201172887681,0.0026974951830442,-0.0077398380985187,-0.0053473817634476,0.0067458874331227,0.002173565999042,-0.0039370078740156,0.0016456390565002,0.0014082245253417,0.0013622764020624,0.0044585987261147,-0.0066618733025212,0.0054560218612664,,-0.0009960159362550902,
2000-11-01,0.001548911606259,,0.0017251293847038,0.0173723396254794,-0.0568060021436227,-0.0032427318390767,0.0,0.0012911555842478,3.662368410561889e-05,0.0002492884891038827,-0.0027989628649228,-0.007271713591653,0.0066583789483276,0.0048449944859698,0.0,0.0027382256297918,0.0017639730099794,0.001398565834308,0.0234622701331641,-0.0032163188208566,0.0059819147505715,,0.0,
2000-12-01,0.0011542291559794,0.0066051420527715,0.002296211251435,-0.0038702796316634,0.1170454545454544,-0.0008622282441337337,0.0,-0.0122501611863313,-0.0032970879851786,0.0018484288354898,-0.0093995800650572,-0.0013398372940099,-0.0004428955671649248,-0.0104115094859607,-0.0069169960474309,0.0010922992900055,0.0009727866026352228,0.0015362738376374,-0.0439900867410161,-0.0065155652377186,-0.0009556923004950812,-0.004333919194786,-0.0019940179461614,-0.00015134559275109538
2001-01-01,-8.288812363899112e-05,,0.0057273768613974,-0.061502499218166,-0.0478128179043744,0.0110337175614867,0.0769230769230771,0.0443864229765014,-0.0054358750461995,0.0051619055516396,-0.0028444346823348,0.0122273548905402,-0.0014424740694263,0.003651191104057,0.0,0.0032733224222585,0.0037274415972641,0.0048426150121065,0.101101749837978,-0.0086171506956298,0.0017150349445687,,0.0019980019980019,
2001-02-01,0.0006857676830094306,,0.0022779043280183,0.0181863365262968,0.0288461538461537,-0.00021876815596377777,0.0,0.015625,-0.0067640692640692,0.0011755728339555,0.0033591788184501,-0.0444137558830766,0.0009425253850263716,-0.0010215119112954,-0.0059701492537312,0.0027188689505166,0.0017648789096971,0.0015517567652811,-0.0253090052972336,-0.009880028228652,-0.0052965703767702,,-0.0009970089730807483,
2001-03-01,-0.0003162912590651823,0.0116496164448547,0.0005681818181817455,0.0107224478022587,-0.0249221183800623,-0.0083329447256369,0.0238095238095237,-0.0215384615384615,-0.0025468258214005,0.0025852834541859,-0.0203071316450972,0.0138038720608633,4.853803440374449e-05,0.0177103830039315,-0.0160160160160161,0.0016268980477223,0.0010399334442594,8.817453519416318e-05,0.0018115942028984,-0.0056102627005508,-0.0046424974823766,0.0277394031094446,-0.0019960079840319,0.0113338946238317
2001-04-01,-0.0021394080468861,,0.0017035775127769,-0.05685229598977,-0.0319488817891373,0.0157641526496654,0.0232558139534884,0.0371069182389938,-0.0032728233914741,-0.0029690052291475,-0.015103472230003,-0.0298124738864357,0.0046173608886559,0.0173116101910859,-0.005086469989827,0.0021656740660531,0.0015888341623788,0.001750739971031,0.0042194092827003,-0.0062432922114641,-0.0013776613145283,,-0.00099999999999989,
2001-05-01,-0.0004001117293130907,,0.0051020408163264,0.0343264474832702,-0.0264026402640263,0.0024500726475029,-0.0227272727272728,-0.0266828380836871,-0.0055206670136569,-0.0024832560535806,0.0065185488549879,-0.0240829561575356,0.0036749785814131,0.006830549197998,0.0020449897750511,0.0010804970286333,0.00023184585911106836,0.0026278069756329,-0.0006002400960384291,-0.0083676555596845,-0.0019629629004233,,-0.0030030030030031,
2001-06-01,-0.0008383052639528987,0.0131390061747409,0.0022560631697685,-0.0078706490613168,-0.0033898305084745,-0.0038899309404041,0.0465116279069768,0.0193146417445482,-0.0056697095435684,-0.0001549442717102556,-0.0286857452868574,-0.0041792129581559,-0.007775520748093,0.0089418567086327,-0.0040816326530612,0.0037776578521315,0.0022447236793947,0.0017807205648145,-0.0234234234234234,-0.0083719029879392,-0.007556832745542,-0.013100623026372,-0.0020080321285139,-0.0018703456803578
2001-07-01,-0.0009221536066031932,,-0.0016882386043892,-0.0352764388999149,-0.0022675736961451,-0.0031989900178672,0.0222222222222221,0.0207823960880195,-0.0059401797855838,0.0145980122734881,-0.0318369056761851,-0.0172475214833737,-0.0095214685830347,-0.0061456300468605,-0.0153688524590164,0.0021505376344086,0.0025805195121357,-0.00033798585466604525,-0.017220172201722,-0.0084714514971349,-0.0069307588972157,,-0.0040241448692153,
2001-08-01,-0.0011272763037442,,0.0,0.0020866518935631,-0.0159090909090908,0.0068299559219189,0.0652173913043479,-0.0616766467065867,-0.0012168527955149,0.0164346736994307,0.0081728804596044,-0.009981963502617,-0.0025730444209344,-0.0035345120527331,-0.0010405827263266,0.0016094420600858,0.0004856372775174922,-0.00012522226952849105,0.0106382978723404,-0.0036287457006244,-0.0012402954392319,,-0.002020202020202,
2001-09-01,-0.0019465567909837,0.0006651243216417857,0.0039458850056368,-0.0373114192534196,-0.0150115473441108,-0.0189365807549757,0.0204081632653061,-0.0031908104658583,-0.0052936501976572,-0.0085753498762786,-0.0521327579218425,-0.0200848403661532,-0.002491291936202,-0.0118624367967998,-0.0010416666666666,0.0021424745581146,-0.0056670630779314,-0.0033939485021541,-0.0309597523219814,-0.0075641759564134,-0.0054640770024063,-0.0043888096164654,0.0020242914979757,-0.0055283415235376
2001-10-01,-0.0024056886568364,,-0.0028074115665356,0.0451307860567988,0.0211019929660023,0.0668492198026686,0.06,-0.0140845070422535,-0.0030682450719905,-0.0175920780073763,-0.0056220050560313,-0.0006926343801834101,-0.0058122171425946,0.0101849507769173,-0.0229405630865485,0.0016034206306787,0.0070418237957505,0.0035186046219384,0.0006389776357826893,-0.0052021156430173,-0.0156968032615477,,-0.0070707070707071,
2001-11-01,-0.0023734538317586,,-0.0005630630630630851,-0.0450008744825978,0.060849598163031,-0.0252223806613702,0.0377358490566037,0.0402597402597402,-0.0057914337867545,0.0011314078828272,-0.0077913536212086,-0.0109530323757409,-0.0115966619571389,-0.002399694541345,-0.0149413020277482,0.003735325506937,0.0020238499200155,-0.0006762087230925973,0.0542784163473819,-0.0077679672922027,-0.0112064417067503,,-0.005086469989827,
2001-12-01,-0.0012200515471778,0.0136007556008794,-0.0005633802816901179,0.0091141620526093,0.0595238095238095,-0.0118630076869225,0.0363636363636363,-0.0212234706616729,-0.00034332578092399757,0.0017362894774692,-0.0082349641791805,-0.0291473411465297,-0.0062888460652129,0.0068466935494382,-0.0097508125677139,0.0015948963317384,0.00022979330696748512,-0.0010275302933472,0.0175651120533011,-0.0021531181571043,-0.0068897428066113,-0.0033549760048641,-0.0020449897750511,-0.008030578454378
2002-01-01,-0.000992502786642424,,0.0016910935738443,-0.0119779315685041,-0.101123595505618,-0.0006943832502070979,0.0,0.0829081632653061,0.0069632640342804,0.0206762868834804,0.0187660668380462,0.0346668186308032,-0.0026685846418584,0.0105509192186787,0.0021881838074397,0.0015923566878979,0.0005803970883413445,0.0009031497346998484,-0.0089285714285713,0.0053196765527951,-0.0010406311016385,,-0.0010245901639344,
2002-02-01,-0.0008864977226179516,,0.0016882386043894,0.0556072591903211,0.0772727272727273,0.0054531089069795,0.0,0.0771495877502945,-0.00010164300266979344,0.0014771048744461,5.046681806719633e-05,0.0259413611411996,-0.0093380781958738,0.0042904359613999,0.0,0.0021197668256491,0.0018972809667672,0.0016668128783225,0.0732732732732732,-0.0015219054364192,-0.0049481469283721,,-0.0020512820512821,
2002-03-01,-0.00014533104883118764,0.0084371169635735,0.002808988764045,-0.0264085936684338,-0.0263713080168775,-0.0027784209307709,0.0,-0.1022416621104428,0.0076070579039986,0.0006722452992995454,0.0136253532498991,-0.002308435632225,0.0008980477666165054,-0.0206264828872205,0.0131004366812228,0.0005288207297726721,0.0011941090619609,0.0027275229587369,-0.0537213206491326,0.0063960602975894,-0.0032971806676925,-0.0157528351835108,0.0030832476875641,0.012272053648572
2002-04-01,-0.0007191107507057426,,0.0044817927170868,0.0238244177941413,0.0140845070422535,0.0160802358387683,0.0350877192982457,-0.0304506699147381,0.0048111360087526,0.0033990755316697,0.0215075176740018,0.0406345846860258,-0.0036569408805886,0.0162086126237492,0.0161637931034481,0.0026427061310783,0.0027949786762402,0.0041799760431222,-0.013010053222945,0.0038280420896321,-0.0012515870430511,,0.0040983606557376,
2002-05-01,8.421181568341041e-05,,0.0011154489682096,1.1637921001783624e-05,0.0448717948717949,-0.0134402924873542,-0.0169491525423729,0.1080402010050252,0.0043307091006248,0.0040670717083699,0.0043254703187445,0.0035850633849547,0.0013166916246813,-0.0085116051454138,0.0010604453870626,0.0015814443858725,0.001117278166222,0.0006461312889076698,0.0281605751947273,0.0035682366640001,0.0035408192582981,,0.0,
2002-06-01,0.0003827487484115988,0.0060032873749216,0.0005571030640667551,-0.033656475845776,-0.0214723926380367,0.0084961975918667,0.0,-0.0266439909297052,0.0081908669722783,0.0030454124742482,0.0137818918558239,0.0158261272788162,0.0028751980105266,-0.0048863896772374,-0.003177966101695,0.0010526315789474,0.0015840443532417,0.0012541754107113,0.0244755244755243,0.0076371550262359,0.0017547097616421,0.0066853354289573,0.0,0.0093605992818452
2002-07-01,-0.0007192923387714378,,0.0022271714922048,0.0494490275185162,-0.0010449320794148,0.0104846679565162,0.0,-0.0361094933022714,-0.00022916448611509657,-0.0024805278563277,0.0019266900422436,-0.0055707716237235,0.0081015255325436,0.00041569386036699463,0.004250797024442,0.001577287066246,0.0020248493344356,0.0022075602738367,-0.0113765642775881,-0.0005671202745498594,0.0059172767585113,,0.0030612244897958,
2002-08-01,-2.2972662531595137e-05,,0.0027777777777777,0.0163183805556512,0.0606694560669456,0.0077999896688878,-0.0172413793103447,-0.0132930513595166,-0.0012882437017666,0.0003083503257572673,-0.0004180402274138739,0.0207247719680032,0.0024833711848073,-0.0095864974519819,0.0031746031746031,0.0031496062992124,0.0019729290223837,0.0019675782700159,-0.024741081703107,-0.0014345147972454,0.0013571491112862,,0.0020345879959309,
2002-09-01,-0.0006585647882254575,0.0023578383882147,0.0016620498614958,-0.0580829466029831,0.0295857988165679,-0.0144882966000341,0.0,0.1047152480097979,0.0010736338478243,0.0011634150706998,-0.002413698335504,-0.0041640641265875,0.0039796847847641,-0.0081930088866852,0.0073839662447257,0.001046572475144,0.0016349033974962,0.0018031592337808,0.063716814159292,0.0010727847260947,0.0072994003267377,-0.0021879913359941,0.0030456852791878,0.0027986576523475
2002-10-01,0.0009731726193669132,,0.0022123893805308,0.0137618528153058,-0.0363984674329501,0.0040428556568774,0.0,-0.0864745011086474,-0.0026034978577909,0.0028803273641031,-0.008624097164828,-0.0143257369851557,-0.001091414318954,0.0090802683221693,0.0,0.0010454783063251,0.0008459027330998126,0.001812241878814,-0.002218524681087,-0.0024761667294438,0.0014810116939691,,-0.0010121457489877,
2002-11-01,-9.951924549100875e-05,,0.0016556291390728,0.0052561874017051,0.0178926441351887,0.0065889438351245,0.0350877192982457,0.0637135922330096,0.0054637139330231,0.002673982153645,0.0139185907426873,0.0472841119275084,0.0009149744108805092,0.0059629148852553,-0.0094240837696335,0.0020887728459531,0.0009761323730730354,0.000996775860796,-0.0155642023346302,0.0057251426299758,0.001548694090905,,0.0010131712259371,
2002-12-01,-0.0010948206561267,0.02247714291953,0.0016528925619836,-0.0356481181957735,0.0234375,0.0084498634573424,0.0169491525423728,0.0199657729606388,-0.005390059385177,0.0024001659373982,-0.0278959472824985,0.0141856037590635,0.0089337735482617,0.0132876049044805,0.0063424947145878,0.0010422094841062,0.0009276106889293256,0.0009589024255314272,0.0705815923207227,-0.0050368376591528,0.0063070644950771,0.0035150740479548,-0.0020242914979757,0.007326111220923
2003-01-01,0.0008277638113924901,,0.0044004400440043,0.0367890120881668,-0.0467557251908397,0.0044259679466025,-0.0333333333333333,0.0363534675615213,0.0082615129088903,-0.0014780363794021,0.0114614234229817,-0.0121259565766139,-0.0003484783113736345,0.0092695470726853,0.0178571428571427,0.0015616866215513,0.000689122556882138,0.0029844880313432,-0.0464135021097046,0.0086856927228591,5.7918971358983384e-05,,0.0030425963488844,
2003-02-01,-0.0010415071220707,,0.0054764512595837,0.0242302669505982,-0.063063063063063,-0.0138222782203435,0.0172413793103449,-0.1208850512682137,0.0010839603461219,-0.0035525380911028,0.0070413147019257,-0.0039783937639485,0.0031639581016251,-0.0053596957822782,0.0165118679050566,0.0005197505197505059,0.0013772959880318,0.0042246277429467,0.0254424778761062,0.0014516158776742,0.0075351727684278,,0.006066734074823,
2003-03-01,-0.0016252184845604,0.0050005348148189,0.0016339869281045,-0.0107286647177408,0.0673076923076922,0.0177149196165773,0.0,0.0595457335788827,-0.002949471416184,0.0023668990651244,0.0007581774857390311,0.030744625576411,0.0038390510924748,-0.0094189531263638,0.0060913705583756,0.0,0.0016006829580621,0.0025606945579141,-0.0523193096008629,-0.0025793943092853,0.0007254985298421612,-0.0035247224692821,0.0020100502512563,-0.0005387038078809026
2003-04-01,-0.0004223232385281994,,-0.0038064165307233,-0.0168248715492467,0.013013013013013,-0.0024466379819455,0.0169491525423728,-0.0480880648899189,-0.0063435417101319,0.0059180951440003,-0.0071190639392955,-0.0185959689043264,0.0024495743740893,0.0097834413463482,-0.031281533804238,0.0,0.0011127684257876,-0.0016906067940499,0.0261809903244165,-0.0059343659130022,0.0011383722842901,,-0.0010030090270812,
2003-05-01,0.00014595512264081734,,-0.0016375545851528,0.0129615523156596,0.0652173913043479,0.0027401894451961,0.0166666666666666,0.0657334144856969,-0.00023869697970957393,0.0078378219105428,0.0007872585235875196,-0.0074396879664853,-0.0049036213128286,0.0085577089773916,-0.0072916666666666,0.0020779220779221,0.0014426260524076,-0.0011452241715398,0.0177481974486966,0.0001737873029139525,-0.0044083500461177,,0.001004016064257,
2003-06-01,-1.5361455036999594e-05,0.0018178319836184,0.0010934937124111,0.0114549206608294,0.1066790352504638,0.0108498363752909,0.0327868852459016,0.0662478583666477,0.0013286216269092,0.0029236346626124,0.0307878494493525,0.0096543359611886,-0.0028720626631854,0.0162099366184671,0.0094438614900316,0.0005184033177811909,0.0005667729365923524,0.001073353987266,0.0217983651226159,0.0017070640885179,-0.002733910443695,0.0040881542699724,-0.0020060180541625,0.0082468661886587
2003-07-01,-2.3042536522410728e-05,,0.0032768978700163,-0.0010777663149037,-0.0209555741827326,0.0104163190110337,-0.0158730158730158,0.0160685591858595,0.0052047744836898,0.0120782804726367,0.0090285767957358,0.0191881091383769,0.0005601572417723855,0.0118054412424151,0.0051975051975052,0.0020725388601037,0.0024900280865727,0.0029363744913126,0.0053333333333334,0.0054818971601389,-0.0021136225336327,,-0.001005025125628,
2003-08-01,-0.00032260294490404906,,0.004354926510615,-0.0015924301869374,0.0325342465753424,0.0167202317446579,-0.0161290322580646,-0.0337374802319452,-0.002374222228079,0.0069319763813546,-0.0120661368581501,-0.0193926059796487,-0.0020969291416834,0.0118651712623869,0.0,0.0010341261633919,0.001130089818597,0.0033772702423617,0.0429708222811671,-0.0021584164413651,-0.0058857542460698,,0.0,
2003-09-01,0.0008067676278726843,0.0219843445933791,0.0032520325203251,0.0326275398164628,-0.0621890547263681,-0.0060946885893524,0.0,0.0578286961265683,0.0066057425158401,-0.011308485177875,0.0242856806350553,0.0321642347171806,0.0030540737027655,0.0108112423614414,-0.0051706308169596,0.0005165289256197081,0.0013992592157092,0.0031358589710992,-0.0025432349949134,0.0067835621355814,0.0034792801014658,-0.0069138837370089,0.004024144869215,0.0107672109208036
2003-10-01,0.0015354614829488,,-0.0010804970286331,0.0280597683138397,0.0114942528735633,-0.003674007053832,-0.0163934426229507,0.0144404332129963,0.0012488340024034,0.0037901071452681,0.0221000827890718,0.0113965422207731,0.0099021369685297,0.015514667245875,0.001039501039501,0.001548786783686,0.0018317598985486,0.00012069714671936184,0.0260071392146863,0.0014275339711138,0.0054259918113173,,0.0020040080160321,
2003-11-01,0.00015331074555025026,,0.0005408328826392861,-0.010990506466925,-0.0445804195804195,0.0121978025583233,-0.0333333333333333,0.0589730554143366,0.0067366029740223,0.0060047653818069,0.0273709078636517,0.0072229599551731,0.0034016169150152,0.0002732972393737487,0.0051921079958463,0.0,0.0013713080168777,0.0012671670971011,-0.0467196819085486,0.006904965422813,0.0017531213257935,,0.0049999999999998,
2003-12-01,0.0008737372963196766,0.0247480637670995,0.0027027027027026,-0.0009466934529542836,0.0329368709972552,-0.0036301523043363,-0.0172413793103447,-0.0124819971195391,0.0008342708483635164,0.0007735724722803816,-0.003285043198318,0.0295915256820606,0.0068160960458805,0.0243049293455077,0.0072314049586776,0.0010309278350515,0.0012523847981553,0.002205696240674,0.0359749739311783,0.000991916465813203,0.0023465035612362,0.004597142257241,0.0029850746268655,0.0084099729689159
2004-01-01,0.0013860385334028,,0.0043126684636118,-0.015519549563943,0.0318866253321523,0.0060083212158474,0.0,-0.0709771511910549,0.0016638989216632,-0.0006012024048095421,-0.0050426815200553,0.0007845865746873848,0.0010153305176563,-0.0105072161992048,0.0153846153846153,0.0020597322348094,0.0025600860375947,0.0038604930847865,-0.0176144942123804,0.001823421616897,0.0004992180659437739,,0.0069444444444444,
2004-02-01,0.0004282360498282234,,0.0021470746108425,0.0165980212203966,-0.0051502145922747,0.0069166445704824,-0.0175438596491228,-0.0340136054421769,0.0060818100851993,0.001776046291787,0.0393865111965019,0.0256935559023436,0.013328494071364,-0.0007586372233024941,0.004040404040404,0.0015416238437822,0.0016207455429497,0.0021324771477517,0.007172131147541,0.0062562792898488,0.0090363019519874,,0.0068965517241379,
2004-03-01,0.0024230842728836,0.0063843453008072,0.0021424745581146,0.0506820358688113,0.1009490940465918,0.0177235840240468,0.0357142857142858,0.0823401950162514,-0.0039658508723904,0.0040319121557863,0.0273661174320893,0.0344526726419243,0.0063447393668052,0.0248940886935882,0.0080482897384306,0.0030785017957926,0.0016763288398407,0.0015421583043431,0.0508646998982706,-0.0037786117434563,0.0080733897449396,0.0006380146743376613,0.0078277886497064,0.0084792467146674
2004-04-01,0.0020512116636928,,0.0016034206306787,-0.0340600097449035,-0.0705329153605015,-0.0107285303175644,-0.0344827586206897,0.0025025025025025,0.004061555075594,0.0034176349965824,-0.0031952185467443,0.001533517820174,8.897814950881155e-05,0.0067033654161279,0.0019960079840319,0.0020460358056266,0.0026032587220787,0.0018620640263553,0.0019361084220717,0.0042533215738713,0.0068230459720914,,0.0067961165048544,
2004-05-01,0.0021535487896751,,0.0042689434364993,-0.0049303566779485,0.0463743676222596,0.0173900839521294,0.0,-0.0109835247129306,0.0071900198007874,0.0050806085376928,0.0186622129089815,0.0143999554568801,0.0113341721955311,0.0070059797313357,0.0149402390438246,0.0015313935681469,0.0013677987712994,0.0032406414563823,0.038647342995169,0.0073618889290942,0.0060294030117253,,0.0038572806171648,
2004-06-01,0.0007517426762040369,0.0034160196193779,0.0037194473963868,0.0118882148054879,-0.0491539081385978,-0.0125594110934149,0.0,-0.0772337203432609,-0.0076277756539084,0.0008001280204832373,-0.024685071845372,0.0287547169811319,0.0085019746825898,0.0089349032873178,-0.0019627085377821,0.0020387359836901,0.0015858684076492,0.0028620288340497,-0.0604651162790698,-0.0074998338199425,0.010342632997538,0.0090034628703348,-0.0067243035542746,0.0113318958223049
2004-07-01,0.0004173211020312983,,0.0010587612493382,0.0064371902607196,-0.0779661016949152,0.0114015202026935,-0.0178571428571427,0.0951859956236322,0.0073237684587266,0.0024737109426438,0.0118404978438599,-0.0095237460067626,0.0179696870570276,0.0234943601125841,0.0039331366764994,0.0010172939979655,0.0011904073967061,0.0009236562577712436,0.0455445544554455,0.0073967983699481,0.0097431984995792,,0.0048355899419729,
2004-08-01,0.0006750197196772056,,0.0005288207297726721,-0.016629646479514,0.0799632352941177,0.0013435923515692,-0.018181818181818,0.0109890109890109,0.000906945665515524,0.0033214175134403,0.00400383873198,0.0163622039821429,0.0102493320642809,0.0073863229786996,0.0146914789422134,0.000508130081300795,0.0003809391882532154,0.0005205560485064264,-0.0265151515151514,0.0009077426613481876,0.0084073087581655,,-0.0048123195380173,
2004-09-01,0.001182382500739,-0.0024091606810351,0.003171247357294,0.0256683793433771,0.033191489361702,0.0175310445580716,0.0,-0.0587944664031621,0.0010672836989491,0.0007387665404217092,0.0152834164139987,-0.0031468832605685,-0.00016964453411372205,-0.0015153667661126,0.0048262548262547,0.0030472320975114,0.0018693529961573,0.0019628942047322,-0.0072957198443579,0.0009529040581448544,3.2862495922270085e-06,0.0136951974200294,0.0038684719535782,0.0121407959935713
2004-10-01,0.0026799300492834,,0.0052687038988408,-0.0172836492538897,0.0749588138385501,0.0066888704713019,0.0185185185185183,0.0876640419947507,0.0088148936306318,0.0005606743042967377,0.017331092709198,0.0337879150384134,0.0155341982632724,0.0035955655679393,0.016330451488953,0.0020253164556962,0.0021768425417227,0.0042957455596861,0.027437530622244,0.0085692482032015,0.0064779982205016,,0.0057803468208093,
2004-11-01,0.0004228106336874315,,0.0047169811320753,0.039732810618456,-0.096551724137931,0.0033543490236884,-0.018181818181818,-0.1399613899613899,0.0023937198935561,-0.0028111399592805,-0.0040201405059008,0.0225390866076939,0.0124025503247575,0.0071624140141122,-0.0028355387523629,0.0020212228398182,0.0021491288557899,0.003854334363506,-0.0085836909871244,0.0020042235468429,0.0111633343727195,,0.0028735632183907,
2004-12-01,0.0009131868712406456,-0.003883804681889,0.0,0.0053649796151549,0.0534351145038167,0.0123171341768444,0.0,0.1459034792368125,0.007749151019883,0.0370505652177985,0.0268858027775003,-0.008544053112701,0.0023516930421714,0.0141603958576492,-0.014218009478673,0.0015128593040847,0.0012844183992937,0.0005384714434546467,0.0014430014430013,0.0072179463705068,0.0024104788828811,-0.0006878687890283786,0.0009551098376312516,0.0054242531254831
2005-01-01,0.0011310170104958,,-0.0005216484089722861,0.0067001415450103,-0.0314009661835749,-0.0095759233926128,-0.0185185185185186,0.049951028403526,0.0036031097222235,-0.0363590387342069,0.0041350054971249,0.0107546655337065,0.0150443362498824,0.0082912441685623,0.0057692307692307,0.0020140986908359,0.0035963395219387,0.0013103553168836,0.0273775216138327,0.0029424633696535,0.0086628161682278,,0.0076335877862594,
2005-02-01,0.0019431515206289,,0.0041753653444676,0.0082103912764592,0.0964256026600165,0.0131732664833159,0.0188679245283018,0.0293843283582089,0.0072991863731841,0.0006372829255036905,0.0077902447532121,0.016995514288403,0.005161551941375,0.0198512162526456,0.0086042065009561,0.0020100502512563,0.0016547788873038,0.0027808611322077,-0.0116877045348293,0.0064489273455019,0.0069932079894547,,0.000946969696969724,
2005-03-01,0.0009321065608274282,-0.0038229927421408,0.0036382536382535,-0.0502201297875047,0.0068233510235027,0.0016665365466961,-0.037037037037037,-0.1554145899410964,-0.0014281471239909,0.0037744331325921,0.0104509181809442,-0.0238920692888515,0.005117757407925,0.0045901571732804,0.0218009478672984,0.0035105315947843,0.0024723709695795,0.0029945352644396,-0.0245979186376537,-0.0024132538934367,0.0062762634191204,-0.0046355550297385,0.0066225165562914,0.0087095244077712
2005-04-01,0.0027186157589593,,0.0031071983428274,0.0441513761467891,-0.0512048192771084,0.0089993135100621,0.0,0.1056866952789699,0.0019711744240635,0.0032190643253027,0.0206571072437842,0.0401248807123761,0.0091054262721363,0.0086466463571091,0.0092764378478664,0.0004997501249375258,0.0011592621637288,0.0027997211895911,0.0426770126091173,0.0008839707467933611,0.0044548589005779,,0.0046992481203007,
2005-05-01,0.0012882158210878,,-0.0005162622612286949,0.0604371635180422,0.0206349206349205,-0.0061233039101796,-0.0192307692307693,-0.0174672489082969,0.0011543127960125,0.0044550265534464,-0.0017526196069657,-0.0088771418155304,0.0022529753195503,0.0114050537829366,-0.0082720588235293,0.0014985014985016,0.0020433879371999,0.0005676486602332886,-0.0302325581395348,-4.229360719687491e-05,0.0012182016425719,,-0.0018709073900842,
2005-06-01,0.0018849577380506,0.0096406362835701,0.0005165289256197081,0.0164405705076395,-0.0093312597200622,0.0283269859680379,-0.0196078431372548,0.0212345679012344,0.0041067231448717,0.0022778199596289,-0.0004389241688457224,0.0126655999607647,0.0041811708412231,0.0114831511852202,0.0120481927710842,0.0004987531172069293,0.0006910693448434202,0.000613638995021315,0.0446043165467626,0.0028113998532099,-0.0003776295986392952,0.0079636072871869,0.0,0.0095661890412293
2005-07-01,0.0026429350017171,,0.0061951471347445,-0.0740167603085421,0.0902668759811617,0.0074942296176141,0.0,-0.006769825918762,-0.0030033954110505,0.0013488045526772,0.0004578027337363011,0.001192602233859,0.0036245896224951,0.0119405441379658,0.0119047619047618,0.0014955134596212,0.001471753651081,0.0042465547365864,0.0114784205693296,-0.0043479339560615,-0.004484673967651,,0.0009372071227740086,
2005-08-01,0.0015041401084172,,0.0061570035915854,0.0532921969404807,-0.0964722822174226,-0.009432274594894,-0.0199999999999999,0.0199610516066213,0.0033457828378471,0.0016237660300766,0.0130087222875927,0.0111136641230604,0.0053497444667272,0.0089911455713111,0.0144796380090497,0.0009955201592830587,0.0008139271987339658,0.0040327226639012,0.0072628234226055,0.001962311166485,0.0037412049797704,,-0.0018726591760299,
2005-09-01,0.000505583726152059,0.0058000143165934,0.0137684854665987,-0.0041105453551325,-0.0087649402390438,0.0018904362567615,0.0204081632653061,0.0267303102625298,-0.0192959845632123,-0.0037672936278392,-0.0121594837520165,0.0288183231670853,0.0038608634345458,0.0170701661319048,0.0205173951828725,0.0009945300845350946,0.0022138887633849,0.0096511361028228,0.0198287516899504,-0.0206689878139766,0.0060787603407557,0.0063891598683576,0.0084427767354597,0.007581631397642
2005-10-01,0.0006613854911343697,,0.0015090543259557,0.0289416020823836,0.0739549839228295,0.0004099361546243685,0.0,-0.0399814039981404,0.0120801751090497,0.0050389711253084,0.0247956250699914,0.0292898703201018,0.0082828660054123,0.010791178975269,0.0008741258741258306,0.0034773969200199,0.0028626814534307,0.0015912526568235,-0.0410958904109589,0.0106618011168417,0.0067031475479872,,0.0074418604651163,
2005-11-01,0.0025101184508558,,-0.0050226017076845,0.0516052805846565,-0.0913173652694611,0.0093810756850538,0.0,0.0397094430992737,0.0110520310762596,0.0062188368199296,0.0150164370338665,-0.0099221811856922,0.0048785881117237,0.0096990862580341,-0.0192139737991267,0.0024752475247524,0.0025623159740171,-0.0020766900057873,0.0221198156682027,0.0096347247086907,0.007396542497787,,-0.0064635272391505,
2005-12-01,0.0011556154763581,-0.0046786758403052,0.0,0.0034702559200481,0.0205930807248764,0.0002303318217806716,-0.0199999999999999,-0.0712622263623661,0.0046902257581131,0.0035107608477025,0.0211731352389155,0.0175050336240381,0.0118498143309035,0.0107389364297962,0.0,0.0014814814814816,0.0010312745207938,0.0,-0.0441839495040576,0.0032850366580226,0.0102757470230545,0.0052833967127898,0.0009293680297397522,0.0152262883246361
2006-01-01,0.0020717874346092,,0.0060575466935892,-0.0539912144072884,-0.0524616626311541,0.0285718397835379,-0.0408163265306122,0.1399197592778334,0.001858762606838,0.0109782985003916,0.0176503663615117,0.0247042995683615,0.0042353299370951,0.0092556874152194,0.0124666073018699,0.0019723865877709,0.002250789456003,0.0048443221360503,0.0433962264150944,0.0004526940879392427,0.0068969872857722,,0.0074280408542246,
2006-02-01,0.0022742544063678,,0.0005017561465128217,0.0486685119786198,-0.0962521294718909,-0.0073461300586851,0.0212765957446807,-0.0677518697756269,0.00036658235272546413,0.0049293934232699,0.0089785981300343,-0.0197924473596393,0.0093471858284426,0.0083611984189246,-0.0079155672823219,0.0019685039370078,0.0016088846183928,0.0005997917704041456,-0.0320976491862567,-0.0010487832997996,0.0029548214600143,,0.0009216589861751334,
2006-03-01,0.0022838282855817,0.0171703609583002,0.0015045135406217,0.0339040129608898,0.0518378887841659,0.0027036475278117,-0.0208333333333332,-0.0707881075979235,0.0023798763034352,0.0039725953691913,0.016676506575626,0.0113741007595755,0.0051251243734393,-0.0003898347681188241,-0.0008865248226950229,0.0034381139489194,0.0027552511517396,0.0019340172138841,-0.0107426436244745,0.0009319895805799394,0.0099203493747226,0.0122701986754967,0.0018416206261511,0.0155250686238419
2006-04-01,0.0011613633523708,,0.0050075112669003,-0.0552978150254415,0.0062724014336916,0.0049428535278983,0.0,-0.0751650584052818,0.0030698396128123,-0.0004823280366570426,0.0066571284295573,0.0055016913424237,0.0117535620897593,-0.0098517303382347,0.0212954747116236,0.0024473813020069,0.0030591585645314,0.0046394545536641,-0.0566572237960339,0.0015659211906455,0.0059925227759884,,0.0073529411764705,
2006-05-01,0.00028633310084069663,,0.0029895366218237,0.005563191613279,-0.0329474621549421,-0.0020116220836375,-0.0212765957446809,0.0664470071389347,0.00012047399938230896,-0.0006791596293217461,0.012908511758952,0.0206295893839112,0.0079196170734601,-0.0106553612850457,0.0182450043440487,0.0029296875,0.0025064046401757,0.0026966595130284,-0.0465465465465465,-0.0014792954344857,0.0111312259477931,,0.0072992700729928,
2006-06-01,0.0005945215936113968,0.0016697909194549,0.0024838549428713,0.0250256001556861,-0.011049723756906,0.0032940477258456,0.0,-0.0720906282183315,0.0032240627442088,0.0013860695538645,0.0129668606330732,0.0029681727992774,0.0078390739635991,-0.0071600339155043,0.0008532423208189588,0.0024342745861734,0.0025222633995243,0.002465289839644,-0.0199475065616797,0.0014901651579053,0.0091610690505494,0.002564558843541,0.0072463768115942,0.0038460098012156
2006-07-01,0.0014304052814964,,0.0054509415262635,-0.0530060573185064,-0.1014897579143389,0.0031491090564128,0.0217391304347827,-0.0360710321864594,-0.0007184161748575724,-0.00016967012555602068,-0.0187083421605853,0.0043640262699369,0.0088710849879538,-0.0121164241448032,0.0076726342710997,0.0019426906265178,0.000982090639241706,0.0034205613744844,-0.0557043385109802,-0.0025859593178712,0.0037329162390578,,0.0035971223021582,
2006-08-01,0.0012745385291532,,0.0044356826022671,0.0046731648639102,0.0725388601036269,0.0046935148716178,0.0,-0.0500863557858376,0.0042671481092171,-0.0005984119753846828,0.0195134102798306,0.0198463747537884,0.0093875208761686,-0.010379765200885,0.0050761421319796,0.0024236548715463,0.0020283975659229,0.0031415362334985,-0.0232558139534884,0.0022315029134889,0.0073975165893798,,0.0044802867383513,
2006-09-01,0.0010900258972594,0.0785448311704573,-0.0049067713444553,0.1151121521525326,-0.0183574879227053,-0.004796349229673,-0.0425531914893617,0.0424242424242424,-0.0020501054210657,0.0056034174590691,0.0103518488353151,-0.0100022506372443,0.0052594143006101,-0.0088611030389028,-0.0218855218855218,0.0019342359767891,0.0015842281288505,-0.0026097482425844,-0.0389082462253194,-0.0042016858753759,0.0038282945903596,0.0047296874021172,-0.0035682426404994,0.0038554380207762
2006-10-01,6.57688007423829e-05,,-0.0044378698224852,-0.0756238788927188,-0.0738188976377952,-0.0013901231610119,-0.0222222222222221,-0.1331395348837208,-0.0010377373698294,0.0047723576513247,0.0119466993413999,-0.0215442039482727,0.0051837123901885,-0.0113043945294443,-0.0249569707401032,0.001930501930502,0.0018014059753952,-0.0023716207188347,-0.0513595166163142,-0.0033066381475862,0.0036812249650208,,-0.0026857654431512,
2006-11-01,0.0015418115920848,,0.0004952947003467045,0.0362153840480843,0.0658873538788522,0.0022429155670615,0.0227272727272727,0.0529845741113346,-0.0005446216594017228,0.0041659295949054,0.0147769909107564,0.0067865846080692,0.0099910181755795,-0.001037479272678,0.0044130626654899,0.0009633911368016612,0.000482434980922,0.00034598600430801874,-0.0222929936305732,-0.0028971366757291,0.0040444121975875,,0.0035906642728904,
2006-12-01,0.0013570401931959,-0.0038814078278631,0.0054455445544554,0.0197234096499694,-0.0049850448654037,0.0124253338751787,-0.0222222222222221,0.0503184713375797,0.0102353845812301,0.0047299856426878,0.0110449963889849,0.0233460529069862,-0.0038319727415342,0.0121747378424228,0.0114235500878734,0.001443695861405,0.0013370156058214,0.0035590762021644,0.067100977198697,0.0078257267952936,0.0009336656823148992,0.0093836705427565,0.0062611806797854,0.0020729546526487
2007-01-01,0.0016612142893572,,0.0016592811422946,-0.0273683384007363,-0.1072144288577154,-0.0003134192945316583,0.0454545454545451,-0.1455427531837477,-0.0038866586023411,-0.00027176771750170303,0.0143872044722233,-0.0105676090981082,0.0033376631843964,0.002211543712117,-0.0121633362293657,0.0024026910139356,0.0040604137025281,0.0033352232931993,-0.0073260073260073,-0.0062651087082032,0.0028019337389169,,0.0044444444444444,
2007-02-01,0.0005891894644194373,,0.0038783505458692,-0.009001251295023,-0.0707070707070707,0.0010725600633636,-0.0217391304347824,0.0503903477643719,0.0097199631778555,0.0031481010549208,-0.0089323985059089,-0.0037209400939245,0.0040888449013154,0.0009798605697954876,0.003518029903254,0.0025647171620326,0.0021582498555716,0.0031025274518277,-0.017220172201722,0.0073453803067842,0.004619794325001,,0.0079646017699115,
2007-03-01,0.0017083702874423,-0.0011884711730079,0.0052001214340975,0.0387577954580424,0.0060386473429951,0.008659197925309,-0.0222222222222221,0.010135135135135,0.0019246831175099,0.0030945137941886,0.0336342783883349,0.0428761438603957,0.0058021301857626,0.0066653087885151,0.0157756354075373,0.0013531929136683,0.00101154026039,0.0036673331197738,-0.0012515644555695,-0.0003621723394596766,0.0011739479390027,0.0215372578088002,0.0070237050043897,-0.00012093643490018736
2007-04-01,0.0003556058725768807,,0.0030006624839249,0.0169653982555353,0.0648259303721487,-0.0026446380032574,0.0227272727272727,-0.0033444816053511,0.0068592476436204,0.0013159041394334,-0.0036238381302489,-0.0110907616098439,0.0034201148287467,0.0034588496316141,0.0138050043140638,0.0015710206381496,0.0014234179415855,0.0023442401030144,-0.0789473684210526,0.0046938162723926,0.0054504159250117,,0.0043591979075849,
2007-05-01,0.0010954571175694,,0.004132994016629,-0.0196384200154228,-0.0507328072153325,0.0129633220185314,-0.0222222222222221,-0.0503355704697986,0.0006930655055195079,0.000469969800088732,0.0186275318520297,0.0080579844721297,0.003119897795601,0.0095524904614154,0.0093617021276595,0.0014827387280866,0.0011826871955122,0.0029097217647187,0.0156462585034014,-0.0012646081381978,0.0067550871406241,,0.0026041666666667,
2007-06-01,0.0005507525744059549,0.0024558373055836,0.0023167517109623,0.0001398381373560742,-0.0581947743467933,-0.0074945947257463,0.0454545454545451,0.023321554770318,0.00025578441702300836,-0.0006176329868209374,0.0108734862148931,0.009733530528589,0.0036584736198974,0.0016615285546164,0.0118043844856661,0.0015900370373895,0.001647303624068,0.0021130075871205,-0.057602143335566,-0.0014405604955033,0.0048407630911631,-0.0039404994658658,0.0043290043290042,0.0049060774641582
2007-07-01,-0.00022452541845019436,,0.0017805958481715,0.0188230770575179,-0.0189155107187893,0.0039657317318295,0.0217391304347827,-0.0649171270718231,-0.0010956575961822,0.0010445318756311,0.0089795502213936,0.0075161295227283,0.0019254559484584,-0.0069298872120676,0.0124999999999999,0.001810905357618,0.0015039383709858,0.0015295197308045,-0.0326936744847192,-0.0024345302074924,0.0013500188559782,,0.0008620689655172153,
2007-08-01,-0.00016662078558082882,,0.00030828070885302594,0.0110731807733215,-0.1015424164524421,0.0047184359899787,-0.0212765957446809,-0.017725258493353,0.0020913189586333,0.0005043302841640784,0.0214587318199863,-0.00029679262746995505,0.0031882562634322,0.0031407731027273,-0.0032921810699588,0.0016415764827564,0.0014908764841241,0.0006763242865870378,-0.02939015429831,0.0011507208453018,0.003947852141777,,0.0017226528854437,
2007-09-01,0.0005796471398036296,-0.0155354447943388,0.004237553390765,-0.0393836052223042,-0.0185979971387696,0.0040688500045777,0.0217391304347827,-0.1105263157894737,0.0024839081464917,0.001816412021345,0.003900563885866,0.0075226560259242,0.0071044710642083,-0.00042878945919899714,0.0057803468208093,0.0020604493200517,0.0027292046471991,0.0038589835829681,-0.0454201362604087,0.0018921053577827,0.0052834848423317,-0.0054636515404461,0.0034393809114359,-0.0082990776415524
2007-10-01,0.000572069951844778,,0.0030832378312801,0.0186644765601198,0.0597667638483965,0.0064902150621264,0.0,0.0684699915469146,-0.0029305709516711,-0.0003036323099478988,0.0172802139790244,0.0098038236410491,0.0031387638546052,-0.0052555714754267,0.0147783251231525,0.0024721820433553,0.0026034382597843,0.0030297107114933,-0.0547184773988898,-0.0031879807186568,0.0039849230232009,,0.0077120822622107,
2007-11-01,0.0007960976739473935,,0.0078588842678903,-0.0160164716081491,-0.1182943603851444,0.0095153335163034,0.0,-0.053006329113924,0.0057957964747481,-0.0009805963414212249,0.0120325203252031,0.0235223130604229,0.0117630881242505,-0.0169918897414382,0.0315533980582525,0.0027490015418927,0.0019636035881369,0.0052940985416869,0.0268456375838925,0.0058364237037515,0.0071048369222375,,0.0093537414965987,
2007-12-01,0.0007810014173730284,-0.0848433615446798,0.0028980145517325,0.0768176912402811,-0.0343213728549142,-0.0120413873198542,0.0638297872340425,-0.1336675020885547,-0.00010848478036717955,0.0034571718944087,0.0079650494995351,-0.0059338864540195,0.0124346376787405,-0.0156826503122936,-0.0015686274509804,0.0023887896172294,0.0020133006350462,0.002326182476092,-0.0612745098039215,0.00018021131628320752,0.0077779275066818,0.0036319243094766,0.0050547598989048,0.0003491252904019859
2008-01-01,7.948436325788677e-05,,0.0034477050769703,-0.0206755767193169,0.012924071082391,0.0025060246114059,0.0,0.0453230472516874,-0.0013566956055964,0.0001125336518901232,0.024859423858264,0.0326367520744317,0.0128165272439519,-0.0034022603419657,0.0149253731343284,0.0028287547849581,0.0019878803424284,0.0025249269382843,-0.0478677110530896,-0.0008589347727896435,0.0080908247319464,,0.0117351215423302,
2008-02-01,-0.0005707968757903137,,0.0024178268779397,-0.018179615604727,-0.0542264752791068,-0.0090689592683005,-0.0199999999999999,0.0175276752767528,-0.0039278212679824,-0.0005020167223500627,0.0169828054059062,0.0256645624738152,0.0117056156260899,-0.013226292058196,0.0023219814241486,0.0007858877022608457,0.0009706356063272636,0.0019827022624241,-0.073126142595978,-0.0033312335568977,0.0046518293373858,,0.0091135045567523,
2008-03-01,-0.0003542407680517945,0.0185886748230759,0.0035780278061188,-0.0007190357262899516,-0.0978077571669476,0.0024527139871932,0.040816326530612,-0.0888485947416137,-0.0036229712294617,-0.00019917558626914025,-0.0049459846414161,-0.0219611262822131,0.0015744086199447,0.0061988897075451,0.0308880308880308,0.0022483044232233,0.001960700737394,0.0028665554272022,-0.0463510848126232,-0.0029705804715006,0.0004969318274552492,0.0162591736609496,0.0164203612479474,-0.0003977135551176403
2008-04-01,-0.0017356716687759,,0.0023143810202015,-0.0161026619207385,0.0018691588785046,-0.0004641242672605017,-0.0196078431372548,0.0079601990049751,-0.0066549242297231,-0.0038630438360197,0.029182472204055,0.0375175973721257,0.0162586140822316,-0.001988316600903,0.0284644194756555,0.0006529241675217179,0.0005849321478708092,0.0018558020477814,0.0423991726990693,-0.0060272263074941,0.0042924460112017,,0.0048465266558965,
2008-05-01,-0.0012822834788278,,0.0059174916566171,-0.0160805933721644,-0.0597014925373133,0.0092975317522518,0.08,-0.0394866732477788,-0.005797041017118,0.0487100785169596,0.0109302118681766,0.0013433139600624,0.0060584300920845,0.00026787692553575937,0.028404952658412,0.0017524235645041,0.0018281729961842,0.004290246343177,-0.0128968253968253,-0.0053372216184987,0.0019597602066991,,0.0032154340836012,
2008-06-01,-0.0012404067953981,0.0073370057672508,0.0104782350098509,0.0083212385099178,-0.0337301587301587,0.0011142550181366,0.0370370370370369,0.0750256937307296,-0.0022548454711857,-0.0253380759313153,0.031373756930388,0.0161252439112524,0.0140953501056029,-0.0103935646867541,0.0304532577903684,0.0022704432947482,0.0022916556150869,0.0072506015667235,0.185929648241206,-0.0020631154929791,0.0061518123628034,-0.0092862272582189,0.0104166666666667,-0.0019529082827406
2008-07-01,-0.0014235185602126,,0.007141444751521,-0.0386064851567202,-0.0205338809034907,-0.0037640621056965,0.0357142857142858,-0.1175908221797322,-0.0042016091822876,-0.015422830553027,0.0131587768858982,0.0367128670619927,0.012648926445884,-0.0028859790587635,0.0137457044673539,0.0025113265002971,0.0017994940246213,0.00465160332979,-0.2194915254237288,-0.0043804282917463,0.005890197239408,,0.015067406819984,
2008-08-01,-0.0020219505276709,,-0.0014884757278006,-0.0286056503532038,-0.0880503144654087,-0.0073432558834037,0.0517241379310344,-0.085590465872156,-0.015655168185514,-0.0057974771038534,-0.0174274507916646,-0.0321240368577443,0.0086748030738834,-0.015526904591923,-0.0305084745762711,0.0019818026069038,0.0012256844285245,-0.000806595225375295,-0.0684039087947883,-0.0162246087151277,0.0021552748561468,,-0.0164062499999999,
2008-09-01,-0.0033524520271402,-0.0094514277828858,0.0008550916822900323,0.0053197948679626,-0.0045977011494252,-0.0149214040893511,0.0,-0.0284360189573459,-0.0436833178981933,0.0021378477261468,-0.0534116998806134,-0.0479557345312299,-0.0024030283791367,-0.0098086582716164,-0.0363636363636362,0.0014787909035873,0.0010236710744324,0.0008282137839934478,-0.071095571095571,-0.0445142444810595,-0.0068021288083701,0.0072388623206645,-0.0079428117553613,-0.0012603636845209
2008-10-01,-0.003517290297105,,-0.0085984365648286,-0.1084020534739482,-0.092378752886836,-0.0375727035494874,0.0655737704918033,-0.0524390243902439,0.0098869830287693,0.007388457702814,-0.017831848962881,-0.0101021851617466,-0.0138599280613043,-0.0034164512509213,-0.0595065312046445,0.00034607983831147493,-0.001423239926624,-0.0065992772220186,-0.0765370138017565,0.0087702648310361,-0.0093457577089743,,-0.0208166533226581,
2008-11-01,-0.005334918398497,,-0.0177054770847254,-0.0539830755763057,-0.010178117048346,-0.0385323700240827,0.0461538461538462,-0.1608751608751608,-0.0130993978928894,0.0083586560727226,-0.0584838068144402,-0.1157695327006153,-0.0073368266407641,-0.0198170572910501,-0.074074074074074,0.0007334354300052581,-0.000443416843505351,-0.0117994411346021,-0.1494565217391305,-0.0143427911060816,-0.0106668198705427,,-0.0318887980376123,
2008-12-01,-0.0052086023091961,-0.004003490160505,-0.0082335223994032,-0.0424286154930818,-0.0308483290488431,-0.0213908943568587,0.0735294117647058,-0.1411042944785275,-0.0281449025394904,-0.0049855725725213,-0.0738810824421394,-0.0623481566146567,-0.0106860743764977,-0.0346790875266779,-0.0458333333333332,-0.00010140725615004342,-0.0004858624586753235,-0.0055913611336377,-0.1150159744408946,-0.029449593700668,-0.0215876847004576,0.0164227739794491,-0.0219594594594595,-0.0227663194502891
2009-01-01,-0.0058143415480684,,0.0025307713412614,-0.1309412191039349,-0.1087533156498673,0.0145682960393385,0.0684931506849315,-0.125,-0.0248020520666722,0.0053709010415772,-0.0494826674722452,-0.0633642708516416,-0.0106871153535607,-0.0240607162767142,-0.0131004366812227,0.0019407629364986,-0.0003064534877577074,0.00011803588290848488,-0.0162454873646209,-0.0261610956580449,-0.0120880567761406,,0.0069084628670119,
2009-02-01,-0.005542501212189,,0.0036426606521873,-0.0148988979713405,0.1071428571428572,-0.00401568282932,0.0641025641025643,0.1877551020408163,-0.0060168444516283,-0.0101809182454343,0.0161690158750338,-0.0516340700116827,-0.0182884114450497,-0.0034775956082407,0.0,0.0020520276425606,0.0007927950783281901,0.0017810585496174,0.0238532110091742,-0.0072323638613862,-0.0144927035828819,,-0.0025728987993138,
2009-03-01,-0.0060009601536246,0.0029830569907767,-0.000987282856538485,-0.0168711450340648,-0.0887096774193548,-0.0173701337401959,0.0481927710843372,-0.1323024054982817,-0.0157580513100438,-0.00045694776138716087,-0.0110639362592166,-6.382802177795632e-06,-0.0194096510188623,-0.0081454511025945,0.0053097345132742,0.0021166985013223,0.0007182314606504203,-0.0010924396748386,-0.0806451612903226,-0.0168411818261831,-0.0146848094870721,-0.0351569030456203,-0.0068787618228718,-0.0168178228572024
2009-04-01,-0.0052448080173871,,0.0010070825195886,0.0078183197446743,-0.0058997050147492,0.0048673680124458,0.0344827586206897,-0.0534653465346535,-0.0079780197180134,0.0057618990115066,-0.0091320229605148,-0.005578604710538,-0.0143796791066042,-0.0324872664565939,0.0105633802816902,0.0020755728443595,0.0022375850968388,0.0014367353940836,0.0155945419103313,-0.008958145910351,-0.0131115574001325,,0.0051948051948051,
2009-05-01,-0.0025945060197091,,0.0014714939189219,0.0121247465534661,0.1157270029673591,0.008764093773389,0.0444444444444445,0.1297071129707112,-0.0100244817714461,0.0142793434074888,0.0161103708018479,-0.0167847698272098,-0.0126708098279417,-0.013364333038064,0.0174216027874565,0.000905324956791409,0.0007687690217679233,0.0010385327780217,0.0671785028790787,-0.0107287716185859,-0.011046841345596,,0.0043066322136089,
2009-06-01,-0.0035520060848069,-0.0014847070124258,0.0082996122466223,-0.0148872734581756,0.0452127659574468,0.0168344023742281,0.0106382978723404,0.0833333333333332,-0.003192974984441,-0.018246848233235,0.0192709396742629,0.0245918227456407,-0.0134989279266634,-0.0081411273667963,0.0273972602739727,0.0009501882103570836,0.0012732821214351,0.0059359558493228,0.080935251798561,-0.0035491780456916,-0.0130290287722867,0.0039240867579908,0.0102915951972555,0.0034964281564497
2009-07-01,-0.0025952613580849,,-0.00029796545463012247,0.0452823515809375,0.0458015267175573,0.0018653477814425,0.0,0.0153846153846153,0.0115829887982326,-0.0043493613759484,0.0160405559493359,0.0524823508423171,-0.0144637425179079,-0.0011966729860936,-0.0058333333333333,0.0006891452773012396,0.0008617881052224163,0.00010632303063173865,-0.0099833610648918,0.0116408856627372,-0.0117547522509885,,-0.0033955857385398,
2009-08-01,-0.001400495913307,,0.0033484533777929,0.02471192197331,0.0170316301703163,0.0180637090071862,0.0105263157894737,-0.0134680134680135,0.0107829857039685,-0.0018857478979965,0.0052169429321038,-0.0057208584314556,-0.012398442789438,-0.0124265172178469,0.0150880134115674,0.0010626507892348,0.0014805792109877,0.002902310153833,0.0352941176470589,0.0112515220813163,-0.0127043748888759,,0.0059625212947187,
2009-09-01,-0.001846955588765,0.0030887185823789,0.0019308872334005,0.0035050066988806,-0.0765550239234449,-0.0235412556105553,0.0208333333333334,-0.0017064846416382,0.008405543826681,0.0029899641204305,0.0338020306866013,0.0490379931807112,-0.0115308131050526,-0.0142993316387294,0.0016515276630884,0.0019316980719465,0.0017510013211148,0.0016218622795116,-0.0113636363636363,0.0092584842517662,-0.0046315493179417,-0.0077362762317634,-0.0016934801016087,0.0040775066746034
2009-10-01,-0.0015279014772273,,0.0030019317987037,0.0193367543865199,0.0259067357512954,0.0092967058288306,0.0204081632653061,-0.0871794871794872,0.0021439650189156,-0.0030242545212605,0.0292527381117426,0.0215968054604338,0.0036666088712555,-0.0178643683057928,0.0082440230832645,0.0026418697708259,0.0036842821406517,0.0037888008127928,-0.0426929392446633,0.0033231388821799,0.0063118269025372,,0.0,
2009-11-01,9.2275750701587e-05,,0.0033485905897676,-0.0042086444812752,-0.0530303030303029,0.0079641976970854,-0.01,0.101123595505618,0.0041759567235644,0.0028514226779106,0.0072240812159709,0.0252308041928244,0.0153800816003006,-0.0148016217748404,0.0147179067865903,0.000748295926095599,0.0008864046385033131,0.0024987611627147,0.0686106346483705,0.0056396156534499,0.007864659268604,,0.008481764206955,
2009-12-01,-0.0020683238887564,0.0112934627660055,0.0005201763996427466,0.0006296012317743571,-0.0613333333333333,0.0049277676950998,0.0,-0.0119047619047618,0.0036103300483198,0.0050989542822572,0.0239662150272743,0.0246597508533936,-0.0038530824659728,-0.0185021893014852,0.0024174053182917,0.000974323185266357,0.0008543624580634734,0.000588952925834052,0.0658105939004816,0.0053123760770035,-0.0018483249274273,-0.0086049010078271,0.0067283431455003,0.015073014724193
2010-01-01,1.5409745122818563e-05,,0.0006487322116246474,0.1276850236730624,-0.0198863636363636,-8.379759125265451e-05,-0.01010101010101,0.0567986230636832,0.0109008316729342,0.0012553740326741,0.0016359637063514,-0.007809373411355,0.0004144270859496313,-0.0243232626283365,0.0120578778135047,-0.0011227765176723,0.001467832604622,0.0021862518393944,-0.0421686746987951,0.0128249079478282,0.0016970598063399,,0.0083542188805347,
2010-02-01,-0.0007088373526465963,,-0.0009517766497462166,-0.0031267954213992,-0.026086956521739,0.0022887329031362,0.0,-0.01628664495114,0.0035350069960176,0.0009446438692612968,0.0077615668620212,0.0266594717162136,0.0041300008787235,-0.008793184400217,-0.00079428117553626,0.0004441765284430854,0.0008731717965511088,-3.146369090067935e-05,0.0220125786163523,0.0055530378133408,0.0065945763601267,,-0.0033140016570009,
2010-03-01,0.0013955496615214,0.0108866252966994,0.00033136813619227823,0.009409808811305,0.1339285714285714,0.02169619559733,0.0102040816326529,0.0529801324503311,0.0071054386770479,0.0039894986101101,0.0288119088315208,0.0159169219497432,0.0062207775971996,0.0085459911521257,0.0039745627980922,0.00023558086539732237,0.0014955600560835,0.0014159106403062,0.0569230769230768,0.0092293044853601,0.0044490054901353,-0.0119099221830042,0.0074812967581048,0.0057568563663155
2010-04-01,0.0017785785230868,,0.0002300405331419064,0.0043920328524056,0.1076115485564304,0.0087509876961282,0.0,0.080188679245283,0.0036507888965431,0.0083489288247406,-0.0071088165210484,0.0007891257427450338,0.0031681898826652,0.0095090460656397,0.0110847189231988,0.00017664403509343174,0.0005081458897218116,0.0005446166736489122,-0.0727802037845706,0.0058500587517829,0.0037093715199154,,0.0107260726072606,
2010-05-01,0.0041503343324877,,-0.0005197720362644098,0.0381747819052409,-0.3364928909952607,-0.0089688105835321,-0.0303030303030303,-0.1513828238719068,0.0136956473683045,0.0074662282411566,0.0254189832406703,0.0230023707324205,0.0046419114569014,-0.0074933949164963,-0.0078308535630383,0.0006339948012425989,0.0011090611331081,0.0003140309006406383,-0.097331240188383,0.0158955888596299,0.0031061888134358,,0.0048979591836735,
2010-06-01,-0.0010639112131649,0.0036192999076889,-0.00041879515854381655,-0.0224554050923488,0.0892857142857141,-0.0013803616039294,-0.0208333333333332,-0.0806174957118353,0.0023508092082811,0.0005972459391483387,-0.0032050656940949,0.0241696315088282,0.0056066885772965,-0.0018264684915969,-0.0118389897395422,0.0010499542907829,0.0004866180048663793,-0.0004185764215900445,0.0208695652173913,0.0044385385326601,0.0072513501930109,0.0085961980363484,-0.0073111291632818,0.0096738530656521
2010-07-01,-0.0006436239090957807,,0.0018692535416828,0.0099048296143093,-0.0721311475409836,0.003047211998892,0.0,0.0186567164179105,0.0037529085040906,0.0013282891971415,0.0224162894747139,-0.0113086990759661,0.0124895491356122,-0.0270687870083448,0.0,0.0007640351908280163,1.0348538786120187e-05,0.0008584409874163867,-0.0136286201022146,0.0056725399844725,0.0089128462400598,,-0.0016366612111292,
2010-08-01,-3.833562069199825e-05,,0.0014613634796996,0.0226072765671498,-0.0035335689045936,0.0049768348908252,0.0106382978723404,0.0970695970695971,0.0036987787419382,0.0032659435134501,0.006417330620108,0.0252756171454784,0.0128319066242084,0.0029211173273777,0.0039936102236421,0.0006595501506574397,0.0009624041476514744,0.0013702355549976,0.0017271157167531,0.0054161117833555,0.0085739627476102,,0.0081967213114753,
2010-09-01,-0.0004983821747864825,0.0206099879798113,0.0016152494229613,0.0531278520952307,0.1241134751773049,0.0085135021452007,0.0,-0.0083472454090149,0.0027187820547427,-2.51052327674417e-05,0.0054193155816415,-0.0021092793541376,0.0146800747870909,0.0071044724012816,0.0,0.000911926829158194,0.0005686165043525815,0.0009923225570585004,-0.0293103448275862,0.0041834139939298,0.0109439124487005,-0.0012220001449831,0.005691056910569,0.0152077028836048
2010-10-01,0.0020558926639919,,0.0034818462948116,-0.0439058693025374,-0.082018927444795,0.010930192467037,-0.0105263157894736,-0.0858585858585858,-0.0027243320540817,8.368621018628453e-05,0.0353666532176719,0.0094699395934134,0.019811778677361,-0.0078689855991125,0.0111376292760541,0.0005367347583113968,0.0015188931711802,0.0031827193989357,-0.0088809946714032,-0.0015118605392346,0.0117173730114508,,0.0080840743734842,
2010-11-01,0.000956937799043045,,0.0025338416234848,0.0214227259072026,-0.0137457044673539,0.0099593758681104,0.0425531914893617,0.003683241252302,0.0006845632076428743,0.0008451599946446287,0.008445267118867,-0.0025380710659898,0.0080729756331994,0.0034678027183381,0.0165224232887488,0.0014380381373122,0.0012999339716077,0.001997191449524,0.0035842293906809,0.0016469228159161,0.0077222816592121,,0.0152365677626302,
2010-12-01,0.0005506692160612836,0.0096321327890087,0.0040165763468282,-0.0190160343201387,0.1358885017421602,0.0055310758773194,-0.0510204081632652,-0.0110091743119266,0.0096776769259321,0.005819154717612,0.01744344014346,0.0287287140340575,0.0162229312210058,-0.0183497875399023,0.0139318885448918,0.0008732877483130785,0.0002060708471571804,0.0022631245652828,0.1285714285714285,0.0103861361083252,0.0112015313662396,0.0011509150292914,0.0071090047393365,0.0024605208945014
2011-01-01,0.00014523551084688613,,0.0032430422003701,0.0526435498211441,-0.058282208588957,0.0075725362850695,-0.0215053763440861,0.1688311688311687,-0.0020817726272547,0.0045136781905386,0.0082309655213339,0.0370497214968297,0.0080834690351712,-0.0372829825372595,0.0152671755725191,0.0020688755661297,0.0021529966829429,0.0030037806204359,-0.0886075949367088,-0.0016392399863242,0.0082069205607315,,0.012549019607843,
2011-02-01,0.0016202872188382,,0.0032144746300641,-0.0355683670863697,-0.1205211726384365,0.0081688058598212,-0.0109890109890109,-0.1793650793650794,-0.00400731211307,0.0026976928933171,-0.0072514523505418,-0.0211081552151178,0.0121756406642234,-0.0020895726639682,0.0172932330827069,0.0018401906617055,0.0017474790045537,0.0027882480508081,-0.0590277777777777,-0.0038479866096968,0.0066987576153325,,0.0131680867544541,
2011-03-01,0.0017931676497295,0.0166689626971101,0.0051735482068338,0.0832768988711409,0.1111111111111111,0.0093637352558497,0.0,0.1605415860735008,0.010460716670376,-0.0027812164727243,0.0474965167639995,0.03547029772559,0.0105879752431476,0.0142159034568605,0.0295639320029563,0.0010796862189927,0.0015084194432186,0.0040265691776941,0.0756457564575645,0.0103520137724824,0.0114113428788968,0.0255602966154355,0.0145259938837918,0.0010061151837088
2011-04-01,0.0023916885016148,,0.0046940989750992,-0.0564752665124936,0.0333333333333334,0.0046516419424369,0.011111111111111,-0.0766666666666666,-0.0034635765817531,-0.0018206946777784,0.0122370893613168,0.0024209459337158,0.0057437826724118,0.00036403491094794127,0.0258435032304378,0.0012217279619071,0.0022950819672131,0.0042258143923854,-0.0034305317324184,-0.0038298663635129,0.0091316412241422,,0.0082893745290129,
2011-05-01,0.0007674655400373709,,0.0031817147345076,0.0320674727125087,-0.0161290322580645,-0.0003102511719869083,-0.0109890109890109,0.0126353790613717,0.0014447024905901,-0.0015006674239094,0.0001006497500530834,0.0228328435422056,0.0214303112549367,0.0075561741896996,0.001399580125962,0.0020024404743281,0.0023818285901211,0.0030436736528169,0.0636833046471601,0.0008102236455562739,0.0120702253135343,,0.0037369207772794,
2011-06-01,0.0017919105866988,0.0101659767375903,0.0,-0.0269874981898923,-0.0131147540983606,0.0081742364269012,0.011111111111111,0.0837789661319072,0.0026655919000124,0.0037116381028297,-0.0109641275663103,0.0008650328138724017,0.010288074605574,0.0252666555734852,-0.0062893081761006,0.0023285379725659,0.001091202055947,-0.00020365354458995455,0.0291262135922329,0.001769937258502,0.004189121303697,-0.0083818064307642,0.001489203276247,0.0073501436855167
2011-07-01,0.000454755606757562,,0.002620036831757,0.0242039101295272,-0.0166112956810631,-0.0009730595548970156,-0.0109890109890109,0.0246710526315789,0.0050703015170494,0.0033670033670034,0.0260436982390683,0.0035100561344403,0.0071864818272631,-0.0030924501691537,0.0014064697609001,0.0023186780419852,0.0014771199217635,0.0017008534821663,-0.0235849056603774,0.0039337274543542,0.0047943478816014,,-0.0037174721189591,
2011-08-01,0.0009545526860053056,,0.0031544621664187,0.04963237074853,0.010135135135135,0.0023109825200937,0.0,-0.0609951845906902,0.0064720159636713,-0.0006595979750342318,0.0053608224702759,-0.0002021329419570339,0.0040635096000938,0.0247002389002259,-0.0035112359550562,0.0028594517312114,0.001993713698644,0.0023486828058119,0.0418679549114331,0.0051244548032554,0.0049011525952127,,0.0044776119402984,
2011-09-01,0.001763481551561,-0.0091039454116298,0.0021715478580843,-0.0552225375510486,0.0167224080267558,0.0102100099260367,0.0,0.1111111111111111,-0.0005582052492317802,-0.0013695691632428,0.0075791204274557,-0.0008482509768071855,-0.0076419077469397,0.0021023384358453,-0.0014094432699085,0.0011334354605909,0.0006801685193644769,0.0014099651058994,-0.0571870170015456,-0.0020584371057823,-0.0033546079330349,0.0106320141760187,0.0052005943536406,0.0021977646874629
2011-10-01,0.0015412744223999,,0.0006752075270193281,0.029603688616671,0.0394736842105263,0.0060501653092908,-0.0222222222222221,-0.0615384615384615,0.0068988947463639,0.0010740251156642,-0.0064016795570495,0.0037653848522438,0.0097797713923311,-0.0064916549910282,-0.0035285815102329,0.0017159182373804,0.0004768088300937112,2.0258703645525955e-05,0.1,0.0052517771463114,0.0091308067942623,,-0.0199556541019957,
2011-11-01,0.0009957604743440207,,0.0018478500551268,0.0224479243260167,0.0379746835443037,0.0033042470725754,-0.0227272727272728,0.1655737704918032,0.00017131676783765926,-0.0003631261863497048,-0.010307585353704,0.00029799728296597827,0.0028553959288251,0.0045424294080245,0.0070821529745042,0.0017350533760696,0.002119267078352,0.0020562167637376,0.052160953800298,-0.0015718676135265,0.0046682029610849,,0.0007541478129713397,
2011-12-01,0.0015222994257464,0.0045037736258632,0.00023770849015480877,0.0385281003660726,0.0396341463414633,0.000490555528586345,-0.011627906976744,-0.0239099859353023,0.0049004914069066,0.0094694780641644,0.0089215588668016,0.0158899140446338,0.0141388627941363,0.0114734314389508,0.0,0.002230067122376,0.0016594487392236,0.0005660682516577253,-0.0127478753541075,0.0030729070719976,0.0059724366848548,-0.020264414841089,-0.0045214770158251,0.0093273533470708
2012-01-01,0.0026637370575488,,0.0027241960540966,0.0060178256304868,-0.0175953079178885,0.0103579044141117,-0.0235294117647058,0.0417867435158501,0.0061362764733454,0.0068535163118597,7.674975741589485e-05,0.0028721133320395,0.0033923952273353,0.0112531913261673,0.0,0.0020755920054529,0.0029901406174235,0.0034247959266144,0.0215208034433285,0.0042513783765831,0.004049853776546,,0.0030280090840273,
2012-02-01,0.0019662288930581,,0.0021374461249461,0.0107246582764164,0.0925373134328357,0.0119906683078852,0.0,-0.0262793914246196,0.0030804162177406,0.0059864674968117,0.0145813347951213,-0.0201504186178516,0.0140005787721064,-0.0075149588856382,0.0,0.000688968171425719,0.0013898960599467,0.0022351318425744,0.0365168539325841,0.0011945292893134,0.0084209549806457,,0.0045283018867923,
2012-03-01,0.0017975912277548,0.0135046428763672,0.0020934703870292,-0.0335549238346727,-0.0327868852459016,0.0031694494049476,-0.0120481927710844,-0.0127840909090909,-0.0052109454570544,0.0037384535882696,0.0185104141340464,0.0456191165821868,0.0030729715172319,0.0059682083729597,0.0140646976090013,0.0019470780673058,0.0016997566029006,0.001908684514541,0.0921409214092141,-0.0070860796749989,0.0039544694136661,0.0193773334567557,0.0075131480090158,0.0211957838668954
2012-04-01,0.0006130749446737749,,0.0016607883500068,-0.0070285506455719,0.0,-0.0035279120835345,0.0,0.083453237410072,0.0072807418012719,0.0044565645839869,-0.0075274121934528,-0.0181566356081591,0.0075136297243199,0.0150152902248676,-0.0006934812760055475,0.0018688889083413,0.0015161403684924,0.0013134807239183,-0.0918114143920595,0.0053974996933978,0.0051872135343282,,0.0044742729306488,
2012-05-01,0.0007471942854579972,,-0.002068180132381,0.0030309412400304,0.0451977401129943,-0.0021737120755952,0.0,-0.0597609561752987,0.0020965954988971,0.0002963200256276277,0.0015126248049088,-0.00621115357323,0.0019847149110159,0.0109154845914416,-0.0145732130464955,0.0013935912278018,0.0010125719327089,-0.0011215028137704,0.0874316939890711,0.00025953701192427125,0.0028427715680385,,-0.0051967334818113,
2012-06-01,0.000545044574193243,-0.0085977257437322,-0.0008263631713106845,-0.0014652449378298,-0.0270270270270269,-0.0095501130539078,0.0,0.0692090395480224,-0.00014665974733496512,-0.0006084770460040856,-0.0006831220813875438,-0.0098631716140243,0.0056228056073246,0.0083215031118966,-0.0232394366197183,0.0017406554287509,0.0010315783148218,-0.0005012330332618831,-0.0025125628140703,-0.0019304543443654,0.0037026222185971,0.0008071757927978762,-0.0171641791044776,0.0037996185017681
2012-07-01,0.0011342691053453,,0.0002888099280600187,0.0295673241754474,0.0249999999999999,0.0053014387452503,0.0,-0.0224570673712021,0.0023910071053221,-0.006897601461234,-0.0028465075541931,-0.0046396858220237,0.0116050951894117,0.0010780772695857,-0.0072098053352559,0.0015111726612753,0.0010305152576286,0.0003610687635400289,0.0692695214105794,0.0006720264131077069,0.0080118801121018,,0.0037965072133636,
2012-08-01,0.0012820608382591,,0.0058095279758518,-0.1101130879173086,0.0162601626016261,0.0116610084244939,-0.0121951219512195,0.0189189189189189,-0.0041996082821513,-0.0025894405679022,-0.0091851709030924,-0.0003971717877094827,0.0044736749688814,0.0044147745926927,0.0123456790123457,0.0011436274296647,0.0006296662768732197,0.003358732705033,-0.0106007067137808,-0.0058558230886739,0.004230096577154,,0.0090771558245084,
2012-09-01,0.0013920837334644,0.0051665416718571,0.0047712662775423,0.0839125250096046,0.0266666666666666,0.0078749748314015,-0.0370370370370369,0.123342175066313,-0.0007450186511566148,0.007189997088415,0.0334218022800123,0.0041348475520566,0.0111042698121965,0.0044765081845221,0.0100430416068866,0.0018502994792231,0.0012385632666107,0.0030377217087185,0.1071428571428572,-0.0023558649669943,0.0078362836847445,0.0019659041646922,0.0082458770614692,-0.0075190888029058
2012-10-01,0.0011819979482299,,0.0026967945804385,0.0081752523694882,-0.0701298701298701,0.00028856469891858083,0.0,0.0802833530106257,0.0032959517896351,0.0068174700681749,-0.0264093900053352,-0.0103315128535151,-0.001227514772439,0.0101293809745808,0.0028409090909089,0.0015824225371652,0.002414205905826,0.0029687484433995,-0.0462365591397849,0.0017314520491251,0.0006092355735205501,,0.0007434944237918462,
2012-11-01,0.0011583269600599,,-0.0016793444944266,-0.0197610231169269,0.0949720670391061,0.0044726953537226,-0.0128205128205127,-0.0896174863387978,0.0040784739803814,0.0131358568215531,0.0125071857220375,0.0272144112478032,0.0096263884214069,-0.0037858450065458,-0.0070821529745042,0.0013245377103678,0.0010847714018431,-0.0006754273567946001,0.0338218714768883,0.0025665397996712,0.0037832247463975,,-0.0059435364041603,
2012-12-01,0.0017725630965712,0.0023768322735318,-0.00012108160467716456,0.0759377518177457,0.0178571428571427,0.0039152057262645,0.0259740259740259,0.1716686674669867,0.0025235073076566,0.0243015374442057,0.0199776080992883,-0.0223872297834846,0.001560208027737,-0.0002786531078421417,-0.0057061340941511,0.0017075173993861,0.000725711047708133,-0.00015903149817597662,0.0261723009814613,0.0010850202006766,0.0038488733055999,0.0298432374781156,-0.0014947683109118,0.0136674708551294
2013-01-01,0.0014140606491352,,0.0019807889421807,-0.0354774191313984,0.1177944862155389,0.008408703582807,0.0126582278481011,-0.0901639344262295,-7.229693471189069e-05,-0.0578483814442497,-0.0101078938333003,0.0081291564578229,0.0083937392177635,-0.0104231546129943,0.0050215208034432,0.0021749919085123,0.0020563458634665,0.0019285636177468,-0.0010626992561104,-0.0014290590095853,0.007396865407925,,0.0037425149700598,
2013-02-01,0.0020552553174186,,0.0054299267521009,0.0590447806747846,0.0022421524663676,0.0120338489888949,-0.0374999999999999,0.0833333333333332,0.0049338587969327,-0.002773495174934,0.0113147259608057,0.0131152948120372,-0.0023766320483172,0.0125892234114812,0.0085653104925054,0.0014640721012448,0.0011995519029255,0.0036611864625397,0.0425531914893617,0.003650163526804,0.0012684551545132,,0.0074571215510812,
2013-03-01,0.0010255199533719,0.0241975187949843,-0.0028119191025899,-0.0880009493456296,-0.0067114093959731,-0.0078273432315163,-0.0259740259740259,0.0498960498960499,0.0042144836776158,0.0030429696766436,-0.0134070548130287,-0.0397104180945853,0.0010512344441881,-0.0103859621810405,-0.0007077140835104467,0.0009674548198599364,0.000920865019011341,-0.0013148009015778,-0.0448979591836734,0.0030233746111922,-1.2554890279181665e-05,-0.0197748944817883,-0.0051813471502589,-0.0005886851348340105
2013-04-01,0.0014077240566037,,-0.0020879792665812,0.0527585181329814,-0.0067567567567567,-0.0050734576785248,0.0133333333333331,-0.1732673267326733,-0.001105960278266,0.0030092724737198,0.0039345609303893,0.0219476290315385,0.0038378870467534,0.017603035245399,-0.0070821529745042,0.00016323444762322836,0.0007716278379581443,-0.0007820001385822062,0.0811965811965811,-0.0021874777267337,0.0023729040543238,,-0.005952380952381,
2013-05-01,0.001633902745987,,0.00041415548950163306,0.0384786859773726,-0.0294784580498865,0.0059488125432325,-0.013157894736842,0.1137724550898202,0.0008930213011844046,0.0048459224327181,-0.0040188244676107,0.0106857566895106,-0.0055692487158742,0.0102577160213157,-0.0057061340941511,0.0007043705332601125,0.0010774690351216,0.0006538278649548257,-0.008893280632411,-9.610676682536567e-05,-0.0023392538364777,,-0.0052395209580837,
2013-06-01,0.0013299728861881,0.0021539669415635,0.0023804082055085,0.0542043203631756,0.0981308411214954,0.0026154135683023,0.0,-0.0978494623655914,0.0013716438126651,0.00025083747350018726,0.0162455158899477,-0.0181007005329578,0.00038219211776047146,0.0118627018560857,-0.0043041606886656,0.0015193393878005,0.0016391500118493,0.002158202158202,-0.0608175473579262,0.00047018910174401185,0.001954945384087,0.0106351168168405,-0.0007524454477050302,0.0064995268293726
2013-07-01,0.0008218735782321573,,0.0019574523005443,-0.097697673480908,-0.2021276595744681,0.0070990253880398,-0.0266666666666667,0.0488676996424315,-0.003032835050663,-0.0008979347500748247,-0.0041260412293114,0.0049879699314263,0.0028634544532957,0.0205283027260243,0.0007204610951008217,0.0022712663381188,0.001271712770362,0.0012447149010155,0.0583864118895967,-0.003833745529136,0.0026444687225342,,-0.0015060240963856,
2013-08-01,0.0017743756690569,,0.0023872906826962,0.0054964697470729,0.016,-0.0022102747909199,-0.0136986301369862,0.0420454545454545,0.0058222765010129,0.0023480640616651,0.0016864020819777,0.0025560112219396,0.0079057644942159,0.0123180889038045,0.0035997120230382,0.0019497178040022,0.0011617946774051,0.0015391597766245,-0.033099297893681,0.0050878912358989,0.0051440653708112,,-0.0052790346907992,
2013-09-01,0.0013686799191967,0.0042966311411722,0.00037694469193350066,0.0605395315763743,0.0577427821522309,0.000684906902951532,0.0,-0.0730643402399127,0.0053081191808952,0.0041923810139261,0.0002909861833524374,0.0146552288651693,0.0059969538094222,0.0097517816375889,0.0028694404591105,0.0015533251399697,0.0011211093081575,0.000394049847305622,0.04149377593361,0.0046212734175639,0.0056239479889901,-0.0073475023423245,0.0037907505686125,0.0006073145300495852
2013-10-01,0.0016445565179257,,0.000535231048539142,-0.0279509872942438,0.1017369727047146,0.0037644096960471,0.0,0.0882352941176469,-0.0011338049855424,-0.0029280456903832,0.0206020622840965,0.0014413437626386,0.010540451563584,0.0139566218003861,-0.0064377682403433,0.0009416276097145017,0.0021218283087258,0.001693746922698,0.0398406374501991,-0.0017850228451947,0.0058727390690516,,-0.0060422960725076,
2013-11-01,0.0019264448336251,,0.0018444894273523,0.0406402772867968,0.0045045045045044,0.0029897433207608,-0.0416666666666666,0.1891891891891892,0.002443350503184,0.0025090559979346,0.0041787337571448,-0.0063671554453786,0.0087868804181774,0.0135700273545174,-0.0086393088552917,0.0018644565619931,0.0017546439249129,0.0015630836987083,-0.014367816091954,0.0018101957985354,0.0059426362641872,,0.0015197568389058,
2013-12-01,0.000502534521936715,-0.0020650322519595,0.0026441691584793,-0.0124777848203522,-0.0291479820627802,0.0053887916936066,-0.0289855072463768,-0.0890909090909091,0.0020939031172895,0.0021325908161786,-0.004810129148673,-0.0056037185169171,0.0045795899898555,0.0156505089604841,0.0007262164124910431,0.0016995313542289,0.0013601581306141,0.0019925206858983,-0.0233236151603498,0.0014674811595811,0.0051237770953316,2.9806259314479888e-05,0.0037936267071321,0.0063215586184162
2014-01-01,0.00127390389669,,0.0024241752904536,-0.0639029772167616,0.0230946882217089,-0.0087716187301249,-0.0149253731343284,-0.1137724550898203,-0.0037346449098025,0.0048664145125152,-0.0028215928248015,0.0141012875088595,0.0063949116772068,0.0075325951199485,0.0036284470246734,0.0008568071632473195,0.000908797748526924,0.0019003957525176,-0.0288557213930348,-0.0043715058239489,0.0036353953202967,,0.00302343159486,
2014-02-01,0.0012068514264111,,0.0011007786202441,0.042873660058079,-0.0519187358916478,0.0137413684122649,0.0151515151515151,0.063063063063063,0.0076583172305637,0.0052903710452079,-0.0037285036442292,0.0083868588726621,0.0065564007471372,0.0009639291821197382,0.0108459869848156,0.0009493094197770002,0.0006150782028000457,0.0005866364222999465,0.0645491803278688,0.0070041499361848,0.0054517978474279,,0.0075357950263752,
2014-03-01,0.0018444021668093,0.01197525210218,0.0020420553010651,0.001899351556222,-0.0357142857142857,0.0104986753128191,0.0,0.0275423728813559,0.0098324044526716,0.0054930641122461,0.0230699429403411,0.0311253603653403,0.0086849258087882,0.0036646691064039,0.0050071530758224,0.0018629464191206,0.0019026432104907,0.0020031659794017,0.0269489894128969,0.0091432258761134,0.0045393737465522,0.0299345275351949,0.0089753178758416,0.0050981711158988
2014-04-01,0.0023556186941899,,0.0018641856050976,0.0180954137411915,-0.0049382716049383,0.0097329719560013,-0.0746268656716417,0.0752577319587628,0.0006211967670246565,0.0039846307101181,-0.0025205578300151,0.0012041336423394,0.0087754536146977,0.0158844663358075,-0.005693950177936,0.0018890649762282,0.0018990300338903,0.0019406492885911,0.021555763823805,-0.00012100893428068638,0.0041179712238843,,-0.0103780578206078,
2014-05-01,0.0015763632287968,,0.0019030059035471,-0.0185910722410393,0.119106699751861,0.0018978526362394,0.0161290322580645,-0.034515819750719,0.0040205378463944,0.0036223324671234,0.0118660075556626,-0.0074014580501667,0.0020862370028669,0.0002443139891608048,0.0028632784538296,0.0019276844165485,0.0017690685173845,0.0017227618695372,-0.0660550458715596,0.00321030968023,0.0045026036275617,,0.0014981273408238,
2014-06-01,0.0023536036849058,0.0133250055326972,0.0013211322060797,0.0310011632948286,-0.073170731707317,0.0025456244490427,-0.0317460317460317,-0.0953326713008937,0.0034448144828962,0.0040957238132601,-0.0044881788122212,-0.0065686555211147,0.0034358279132005,-0.0007178693874876352,0.0028551034975017,0.0012966837733496,0.0011546559804387,0.0011270999523897,-0.0078585461689587,0.0025587594016946,0.0022969789376598,-0.0137267763779831,-0.0052356020942407,0.0144456569006452
2014-07-01,0.0016710242946764,,0.0011254852864928,0.26222307343212,-0.0382775119617224,0.0017677701072371,0.0163934426229508,0.1909989023051592,0.0027183106693693,0.0029615853467945,0.001216872637322,0.0011820725951297,0.0008271023206178896,0.0084566743241416,-0.002846975088968,0.0015052325752511,0.0018317503392129,0.0015043431843548,0.0653465346534654,0.0017605945996612,0.0028803190437725,,0.0007518796992480592,
2014-08-01,0.0013518469249078,,-0.00016000134737970129,-0.2193414741953147,0.1343283582089551,0.0074459088752758,-0.0161290322580646,-0.0930875576036865,-0.0018727666091352,0.0047681747707457,0.0073122864344135,-0.0022195057844826,0.0072154064071967,0.0001586308482808274,-0.0078515346181298,0.0008816305967800364,0.00037728912923595814,-0.00012598119972861976,-0.0269516728624534,-0.0028764843923854,0.0034966984700255,,-0.0052592036063109,
2014-09-01,0.0022189189771428,0.0040352870399802,7.159100480080838e-05,0.0036676159651154,0.0307017543859648,-0.0021178536656384,-0.0327868852459015,0.0396341463414633,0.0030667345998387,0.0032955188697534,-0.0132030500529111,0.0086427134858944,0.0024962625595383,0.0066929630300975,-0.0079136690647481,0.0015981208447808,0.001237815256073,0.00025199414598220393,0.0286532951289397,0.002094795852507,0.0010647750304924,-0.0022691039973397,-0.0037764350453172,0.011606160201266
2014-10-01,0.0018055973517905,,-0.0001979139032411981,-0.02292303417616,0.0127659574468084,0.003638311695713,-0.0338983050847457,0.0498533724340175,5.5358778299874345e-05,0.004366710977834,0.0091202469482249,0.0050367287379573,0.0067522576886263,0.023986926185793,-0.0137781000725163,0.0016960793346343,0.0008982382939268785,-0.0002519306609303218,0.0157845868152275,-0.0008731159991547388,0.0022954941255759,,-0.0090978013646703,
2014-11-01,0.0020812770887868,,-0.0018826601524659,-0.0255677778783138,-0.0714285714285714,0.0024235623868569,0.0175438596491226,-0.0679702048417132,0.0061308880998811,0.0051941855901749,-0.0123301684411251,-0.0154386804321016,0.0076198349954357,-0.0014420843996857,-0.0183823529411765,0.001116262735638,0.0010711287380944,-0.0007656745204842608,-0.0319926873857403,0.0052660708247265,0.0027819609440207,,-0.0091813312930374,
2014-12-01,0.0019127964656089,0.0386441460334792,-0.0030846094445592,-0.0014149587672172,0.1244343891402715,-0.0059864771779719,-0.0344827586206897,0.0719280719280719,-9.362780726562824e-05,0.0067137214073553,-0.0024133579361766,0.0106870548806032,0.0018290160577354,0.0110403648986068,-0.0254681647940074,0.0005261883085969643,0.0009350298823984636,-0.0015325224543638,0.0122757318224739,-0.0008730807656401884,-0.001231757245639,0.0159688661026753,-0.0092664092664092,0.008126062550491
2015-01-01,0.001360621754276,,-0.0063703164417655,-0.0078552925808665,0.0362173038229376,-0.005222414209708,0.017857142857143,0.0111835973904939,-0.007664684531624,0.005642371012509,-0.021006688069834,-0.0337449378448172,0.0014588352522846,0.009782010906554,-0.0315142198308993,0.0009474756244156612,-0.0002022400493080223,-0.0046143384495822,-0.021455223880597,-0.0083702373626816,0.00013293467824504468,,-0.0171473109898676,
2015-02-01,0.0019278925502248,,0.0025346436802173,-0.0227393433038324,0.0485436893203883,-0.0014917677791909,-0.0350877192982456,-0.1834101382488479,-0.006251094379268,0.0035615174635339,-0.0118973461350356,-0.0311998627257518,0.005380456912899,0.0108112111124965,-0.0039682539682539,0.00150535213147,0.0010017723664945,0.0016493436783291,0.0743565300285986,-0.0067674622652306,0.0031313683582683,,-0.0015860428231561,
2015-03-01,0.0005041217276464671,0.0065722672602819,0.0026939517808124,0.0393074723929742,-0.1111111111111111,0.0146576889182639,-0.018181818181818,0.0835214446952596,-0.0034036379868318,-0.0028707485043474,0.0017558118936717,0.0671590571961193,0.0033689376492338,0.0133608953385713,-0.001593625498008,0.0024274270106423,0.0015396458814471,0.0019194419003449,-0.0488021295474712,-0.003808789790651,0.001754260944506,0.0046989579313005,0.0,0.006131431261902
2015-04-01,0.0020154708679298,,0.0010424788961589,-0.0142108246584612,0.0458333333333333,0.0022346318172667,0.0,0.2395833333333332,-0.0056891571069771,0.0021989315157513,0.0042388087647122,-0.0335305638080696,0.0018865534509402,0.0267154020808948,-0.0015961691939345,0.0024547776785528,0.0016910069177555,0.0007682508193054272,0.0876865671641791,-0.0060325428311827,0.0035073796134046,,-0.0063542494042891,
2015-05-01,0.0023442922503789,,0.0032977453412468,-0.0312339807166832,0.0,0.0069484720808632,0.0370370370370369,-0.0932773109243697,-0.0046913665617883,0.0016512350333264,-0.0060491180095916,-0.0107460405370014,0.0054922269311297,0.018891250963771,0.0111910471622702,0.0014170526961292,0.0012373388581952,0.0023904382470121,0.0909090909090908,-0.00492100659539,0.0023880464760808,,0.0047961630695443,
2015-06-01,0.0012294647588764,0.0074501962990076,0.0027679208104607,0.0710157731029024,-0.043824701195219,0.0012236720021157,-0.0535714285714284,0.1167747914735866,-0.0029845087421194,0.0006021965117766204,-0.002115486822497,0.0152634319937505,0.0078211447540488,0.0201769066100714,0.0007905138339920903,0.0015557247360233,0.0012070699813191,0.0019388111210205,0.0841194968553458,-0.0030989601267128,0.0062840751127641,0.0052916150470099,-0.0031821797931583,0.0034937176719025
2015-07-01,0.0021312782729587,,0.0015863197801873,-0.0110712045573666,0.0541666666666666,0.0078322260623533,-0.0188679245283017,-0.0489626556016598,0.0065413741166258,0.0023621988008455,-0.003503696896278,-0.0117809495718932,-0.0015321272613848,-0.0034034985117733,-0.0094786729857818,0.0020697005750545,0.000880290113002502,0.0008224002476877601,-0.173313995649021,0.0065286981184209,0.00038488019300020326,,-0.0039904229848364,
2015-08-01,0.0008802754910177679,,-4.20108051790713e-06,-0.0327643805742238,0.0237154150197629,-0.00013326137219238363,-0.0192307692307693,-0.0139616055846422,-0.0022727722282662,0.0023116007835426,-0.0144465811853846,0.0047927814136974,0.0019226796222617,0.0084280974441224,-0.0175438596491228,0.001038896790551,0.0007265565997152112,9.667346603237092e-06,0.0219298245614034,-0.0022221157494395,0.0014840451426334,,-0.0144230769230768,
2015-09-01,0.0010905815966113,0.0059436175514206,-0.0022475875193775,-0.0175569399093632,-0.1196911196911196,-0.0037251517716129,-0.0196078431372548,0.0831858407079646,-0.0026982500034694,0.0027780065743658,0.0056942642649029,-0.0064273383586824,0.00289843986444,0.0018071996170578,-0.010551948051948,0.0020550455692969,0.0012896569512508,-0.0014790897314436,-0.0180257510729613,-0.0025982419687458,0.0020232897529581,0.0039072202372991,-0.0056910569105691,0.0011830380346331
2015-10-01,0.0021506736668985,,0.0009894820166906904,0.0333458292569193,0.0570175438596491,-0.0029319563171953,0.0,-0.1356209150326797,-0.0045423823155217,0.0020758661887694,-0.0071898707409268,-0.0092202637827345,-0.0010247039882208,-0.0110067566819436,-0.0032813781788351,0.0018576665735092,0.00014311065315708582,-0.00014522359592983314,0.0139860139860139,-0.0044332020418492,0.001478853866377,,-0.0024529844644316,
2015-11-01,0.001662143112626,,0.0011946174910508,-0.0124274439017484,0.045643153526971,0.00410562824386,0.02,0.1077504725897919,-0.0076814010843626,-0.00015648519351996182,-0.0126520940387124,-0.0122360802560917,-0.0037411843985639,-0.0038598866319776,-0.0057613168724279,0.0019403695316859,0.0010588672981712,0.0006100276933207471,0.0724137931034483,-0.0075923524921841,-0.0020457123322158,,-0.0073770491803278,
2015-12-01,0.0019114434548814,2.1857719235685025e-05,-0.001075553426856,-0.0257545145437522,0.0833333333333332,0.0042580958383349,-0.0196078431372548,-0.0221843003412969,-0.0052776315961589,0.0047921774968884,-0.0048646578829569,-0.0015451365829902,-0.0042700369359027,0.0096516618079833,-0.0124172185430463,0.0012528609037794,0.0006575185820469898,-0.0008128743818768269,-0.0265273311897106,-0.0052205772925959,-0.001948669175512,0.0035113762882184,-0.0107349298100742,0.0012109004173619
2016-01-01,0.0007547328036228151,,-0.0004584435630738959,0.0433661035342156,-0.075091575091575,-0.0073468917081911,-0.04,-0.0471204188481675,0.0055777424406113,0.0036789793799139,-0.0193207129966344,-0.0200646502986417,-0.0002141664407879773,0.00299351974901,-0.0125733445096395,0.0016683909432542,0.0018569836871125,0.000513302276931471,-0.0330305532617671,0.0055868954204667,3.838055969929144e-06,,-0.0091819699499164,
2016-02-01,0.0014803952375963,,-0.0013296753235823,-0.0420175844516427,0.0237623762376237,0.0106495154436963,0.0208333333333334,0.1217948717948718,-0.0051705788030412,0.0010715658163114,0.0115002873690259,0.0241769081793334,-0.0063493869845934,0.0088197228501765,-0.0050933786078097,0.0022657222755197,0.0015683814303639,-0.0006195187114009792,0.000853970964987294,-0.0052214508682012,-0.0025610700897608,,-0.004212299915754,
2016-03-01,0.0016525237593869,0.0154279199896936,0.0031347962382444,-0.0021714028090223,0.0290135396518376,-0.0033311744434595,0.0204081632653061,-0.0930612244897959,-0.0076455135062986,8.120418423018805e-05,-0.0053542257407134,-0.0330698642302034,0.0018812821687461,0.016031372203882,0.0042662116040954,0.0016414809987375,0.0014425495164611,0.0023149493423217,-0.0460750853242321,-0.007763438782519,0.0034933398417744,-0.0025223790016689,-0.0008460236886633776,0.0059087010117995
2016-04-01,0.0013713506063179,,0.0038306451612901,0.0538776112384105,0.0827067669172931,0.0032358511907666,0.02,0.0468046804680468,0.0030355059431315,-0.0018601629857092,0.0116120030979989,0.0153527008873495,0.0095551733934482,-0.0017124385841731,0.0067969413763806,0.0025944134714308,0.0025113484519669,0.0033049545327161,0.0375670840787119,0.0028530385060161,0.0033212254407073,,0.0050804403048265,
2016-05-01,0.00028501713578643617,,0.0023640958693178,-0.0288470372071658,-0.0086805555555555,0.0041251699477169,-0.0588235294117647,-0.0128976784178848,-0.0023040257465735,-0.0005102795444460462,0.0051963706853019,0.0087393233549641,0.0035584344220667,0.0041082255452533,0.0118143459915611,0.0023767901975657,0.0015313935681469,0.0014832936825175,0.0387931034482758,-0.0025430063335752,0.0028237698966038,,0.0109519797809602,
2016-06-01,0.0017930114252355,-0.0259544004487947,0.0027759572878272,-0.0569167218490839,-0.0245183887915937,0.0106052033085943,0.0208333333333334,0.0479094076655053,0.0047551359541226,0.00047354440588676106,0.0092316501372053,0.0196113421010368,0.0005691226882502676,0.0192771885217637,0.0066722268557131,0.0016306744841929,0.0012175784347039,0.0019042672898812,0.0024896265560165,0.0044629403936775,0.0005232021934205022,0.0035174446240138,0.0075,-0.0048903493090564
2016-07-01,0.0025737079431147,,-0.0005037007434789409,0.0412741932402223,0.1274685816876122,-0.0022896206767343,-0.0204081632653062,0.0299251870324188,0.0016265254376419,0.0033724069075176,0.0072952850941749,-0.0018595330603101,-0.0014808672940591,-0.0006594956366496874,0.0008285004142500885,0.0011674880827341,0.0016968805678894,0.0004127669786417876,-0.0082781456953642,0.0012889933771493,0.0007073956033731843,,0.0016542597187758,
2016-08-01,0.0009894755779435993,,0.0018492217858316,0.0052431914200654,-0.0843949044585987,0.0014804236893992,0.0208333333333334,-0.0548829701372074,-0.001081577666686,0.0008697510890314231,0.0105050054198814,0.0096086828827801,-0.0016806945985265,0.0046741703551553,-0.0024834437086092,0.002396813932187,0.0018728177908278,0.0014968623462356,0.0025041736227044,-0.0014424504687964,0.000353991540091636,,-0.0082576383154417,
2016-09-01,0.0019977326771001,0.0082631942666304,0.0026232097944252,-0.0140640686319247,-0.0295652173913043,0.0067283688175208,0.0204081632653061,-0.0879590093936806,-0.0010280542326461,0.0021651238318272,0.002844778175661,-0.011293032706811,0.0027748203353739,0.0075445593431719,0.0008298755186721962,0.0016866393208359,0.001155406928684,0.0017341483511219,0.0849292256452955,-0.0013662000254917,0.0016252844247743,0.0002178855627130716,0.003330557868443,0.0060931438269491
2016-10-01,0.0008140569701904354,,0.0023426874979268,0.0840468763017336,0.0304659498207884,0.0018841731620107,-0.0199999999999999,0.2294007490636704,0.0008506651714967894,0.0014256005526041,-0.0071887748146439,0.0007904513477194897,0.0019841138177933,0.0076250616484059,0.0049751243781095,0.0012055842663214,0.0014824684037193,0.0022093634928983,-0.0376055257099002,0.0005730201886577913,0.0007586825190430968,,0.0016597510373443,
2016-11-01,0.0008961129378028954,,0.0011789477167711,-0.074776809539871,-0.0069565217391304,-0.0009014052843533404,-0.0408163265306122,-0.1317593297791317,-0.004175758717732,0.0022087366173306,-0.0089256006295452,0.0160247128101167,0.0075598029086862,0.0204163567583994,-0.0008250825082508628,0.0013606698188182,0.0004871787665008398,0.0003817303838298258,-0.0191387559808612,-0.0043556483910144,0.0062871936253907,,0.0008285004142500885,
2016-12-01,0.0014738190508329,0.0051672318691697,0.0025245221587761,0.0080617250338019,-0.0175131348511383,0.0138210361882673,0.0,0.0982456140350878,0.0061637592522512,0.0020135014423992,0.0262772244515141,0.0086806305333622,0.0058746199983568,0.0037001390393276,0.0041288191577208,0.0017596530397103,0.0013109964509452,0.0018220670444355,0.0146341463414634,0.0061016297704015,0.0020326999558109,0.0050102762755368,0.0041390728476822,0.0044387023395278
2017-01-01,0.0014647732352233,,0.0040430766948156,-0.0020096131837948,0.0213903743315508,0.0102650123137466,0.0,-0.0495207667731629,-0.0017329533103553,0.0045231014300015,0.0148039297137871,0.0235100188388421,-0.0009246477435164158,-0.0213592020733723,0.0057565789473683,0.0021887003841229,0.0025811519793508,0.0037232067189121,0.0424679487179486,-0.0016673741178968,0.0020656845746442,,0.0024732069249793,
2017-02-01,0.0013046941522234,,0.0015926573570097,0.0174486608473884,0.0244328097731238,0.000143644168046686,-0.0212765957446809,0.0680672268907562,-0.0032116303353727,0.0026332635009309,0.0054084478215263,-0.0120476383700549,0.0018689938337919,0.0184063079984615,0.0032706459525757,0.0021200397657175,0.0019495359358239,0.0015368852459014,-0.0445810914681014,-0.0029789150743465,0.0017147245733717,,0.0032894736842106,
2017-03-01,0.00097381667558194,0.001306557670591,-0.0004672016261895174,0.0006762392083492497,0.0766609880749573,-0.0024859544628902,-0.043478260869565,-0.063729346970889,0.006653268006397,0.0041354092604146,-0.0014199051360869,0.0046449394718233,0.0023535095364468,-0.0034426725292908,-0.0016299918500407,-0.00021514115650322907,-0.00046548867000573146,-0.0005493985033626636,0.0378117457763476,0.0070417561212237,0.0020316447964818,0.0095653648974667,0.0008196721311475308,0.0078393643896006
2017-04-01,0.0014044943820223,,0.0012341528217407,0.00027031288716683477,-0.0537974683544303,0.0039256123976514,0.0,-0.0369747899159663,0.0099109138147177,0.0017412791537816,-0.0008918878973360744,0.0127661547279869,-0.0031051349520633,-0.0005668506376086402,0.0024489795918367,0.001127741647539,0.0023844119071569,0.0021988020319962,-0.0294573643410852,0.0104464279806528,-0.0007448162287596594,,0.0024570024570025,
2017-05-01,0.0015256730407415,,-0.0007739779600562935,0.0016799909920053,0.0618729096989967,-0.0049964461748397,0.0,0.0095986038394415,0.0008445397258494136,0.0066933535287965,-0.0025760311776288,-0.0032959212973944,0.0056612063628953,0.0109265201353976,-0.0008143322475570036,0.0008080341683018855,0.000919903363686858,-0.0002837040399454871,-0.0375399361022363,0.0015218208416114,0.0024811824490453,,-0.0057189542483659,
2017-06-01,0.0013457387217532,0.0115404572761781,0.0006516286618252209,0.071713774404446,-0.0251968503937007,0.0040019670685591,-0.0227272727272728,0.0795159896283492,0.0017555597719172,0.00018628244717810993,0.0125656538793963,0.0046596104465459,0.0083952814912384,-0.0057279187991057,-0.002444987775061,0.0012568110408464,0.0014574958920896,0.0009554079875890852,0.1186721991701245,0.0025682569198439,0.004449416707944,0.0069263584343817,-0.0008216926869351049,0.007494168695989
2017-07-01,0.0012484224170277,,0.0003276499715354486,-0.0812638715821889,-0.0759289176090468,-4.011350009291981e-05,0.0,-0.0344275420336268,-0.0017245710503335,0.0025788150344916,-0.0036870549017626,-0.0045174776931357,0.0044340862528831,-0.0005298384344957219,-0.0016339869281045,0.0009493696026947608,0.0006025436612406843,0.00025516231158162483,-0.0697329376854599,-0.0007904158813593076,0.003489138290184,,0.0049342105263159,
2017-08-01,0.0009879537773902491,,0.0038486261632881,0.0211162765209289,-0.027972027972028,0.0019149686363184,0.0232558139534884,-0.038971807628524,-0.0045335713957609,0.000535871219428552,0.0086028591706377,0.0002964088605375004,0.0068470635397874,-0.0017320885056508,0.0057283142389525,0.0021826696033493,0.0012321546029774,0.0023714593450614,0.0542264752791068,-0.0035074711615903,0.0058197230892085,,0.0057283142389525,
2017-09-01,0.0006738682077147562,0.0083500002981278,0.0051063899209977,0.0205543778678187,0.14568345323741,0.0204385683940793,-0.0227272727272728,0.0189818809318378,0.0009539783203160734,0.0012854021166288,0.0108968269525575,0.0090482252039816,0.0056840713813615,0.0051166442720331,0.0081366965012203,0.0010968776605224,0.0013046616207414,0.0037514256359985,-0.0423600605143721,0.0020238619215291,0.0016342037152863,0.0029943728040493,0.0081366965012203,0.0050107638979066
2017-10-01,0.0009591053791526694,,0.0007750522450138408,0.0068317864310818,-0.0172684458398744,0.001315455256968,-0.0232558139534883,0.0643522438611345,0.0125993531957879,0.0020040794785114,0.0086016159105033,0.011299855649721,-0.0033240216386049,0.0007148531819551884,0.0016142050040355,0.0028242330269132,0.0026244051194381,0.001474302992741,0.0663507109004739,0.0136808652215802,0.0004052562417871109,,0.0008071025020177647,
2017-11-01,0.0013591296133956,,0.0026680074282516,-0.0004831191215066699,0.1357827476038338,0.0103159544629598,0.0,0.0127287191726332,0.0018398635789156,0.0007829460123136567,0.0198910551872026,0.0262939408192062,0.0056008834301239,0.0181946786160471,0.0096696212731668,0.0011438669012251,0.0007649840090691029,0.0016596654414522,-0.0444444444444444,0.0028694793152455,0.0041665112325044,,0.0048387096774193,
2017-12-01,0.0011944107008341,0.0165068059376021,0.0021068892447551,0.0446643965059265,-0.1139240506329114,0.0070425122784669,-0.0238095238095239,-0.0754124116260801,0.0015984035722047,0.0014579851356637,0.0135337619024602,0.0184231710330207,0.0007600056881922335,0.0060070663258857,0.0015961691939345,0.0020802471081413,0.0014735407341917,0.0014509712146033,0.0108527131782945,0.0025590675220896,0.0034245482290977,0.0087991718426501,0.0008025682182986049,0.0081000086140536
2018-01-01,0.0009015176677127368,,0.0037852343576603,-0.0583444142007394,-0.0317460317460317,-0.0042243357414479,-0.0243902439024389,0.1053525913338997,-0.00042214151998565264,0.0065975427881541,-0.0117125280175497,-0.0059243143408319,0.0091336673134703,0.0165226209618476,0.0079681274900398,0.0028622652785204,0.003108274631697,0.0035707608898858,0.0076687116564417,0.0004476557078669785,0.0043055753994534,,0.0072173215717721,
2018-02-01,0.0027224336660751,,0.00279806868937,0.0364487884341275,0.0131147540983607,0.0064651662703969,0.0249999999999999,-0.0169100691775557,0.0035699837189797,0.0017285291980329,0.0144522616945095,0.0201343866983148,0.0072220240442082,0.0153298371598009,0.0023715415019762,0.0019445489900891,0.0021177117711772,0.002449656302975,0.0213089802130899,0.0042796737293675,0.0056915799196575,,0.0015923566878981,
2018-03-01,0.0015196131402637,0.0017978728759684,0.0005692774586170124,0.036379943623473,0.0841423948220065,-0.0018142323188194,-0.0243902439024389,0.0351837372947614,0.0056210597521502,0.0030778115844039,0.0165676476604084,-0.006602150039744,0.0025925327600455,-0.0076576264234953,-0.002365930599369,0.0021911976460275,0.0022962007483235,0.0014123112659698,0.044709388971684,0.0061866146476974,-0.00010583567591571086,0.0039855603606244,0.0039745627980922,0.0087769116889659
2018-04-01,0.0012071023474431,,0.0022637941189433,-0.0130471692670343,-0.0223880597014924,0.0023484024176996,0.0,-0.0287009063444109,0.0112975845363394,0.0023732455185681,-0.0050114172344088,0.0024432213232237,-0.00017972208149152902,0.0086912502480931,0.0047430830039525,0.0018545414792605,0.0017159234040999,0.0019577460868274,-0.0099857346647646,0.0117249254583517,0.0027298168074516,,0.004750593824228,
2018-05-01,0.0022429075625725,,0.0025305221750497,0.0046598633774823,0.0290076335877862,0.0120985837480744,-0.05,0.0559875583203732,-0.0092861148171781,0.0031381559131122,0.0142352603684143,-0.0028518730916474,0.0003486615271375282,0.0058506079429427,0.0086546026750589,0.002135594673484,0.0018769931662869,0.0018983590769343,-0.0353025936599423,-0.0090419881839648,0.0017955281205861,,0.0070921985815601,
2018-06-01,0.0012298304446878,0.0171165196725961,0.0013517878291244,0.0110802633328899,-0.0637982195845697,-0.0031058319734915,0.0526315789473683,-0.1170839469808542,0.0075853757312867,0.0037847311933074,-0.0104095183337351,0.004744695733271,0.0010363256138177,-0.013647233627276,0.0,0.0011588521919028,0.0010640619884316,0.0011461000249552,-0.0037341299477221,0.0076476149135451,0.001451529502954,0.0009217094516287272,0.001564945226917,0.0024018440862318
2018-07-01,0.0004430005906674861,,0.0008163492859931676,-0.0357169282372962,-0.0316957210776545,0.0069723270742672,-0.05,0.0,0.0020145122362247,0.0045287271563627,-0.0092492374298926,0.0098506735354519,0.0035467852229662,-0.005859173342544,-0.0007800312012480326,0.0015498215180482,0.0013263924849873,0.0009232161156604856,0.0029985007496251,0.0018939393939394,0.0056267893272181,,-0.0046874999999999,
2018-08-01,0.0014693056021468,,0.0016950299017597,0.0405950934629237,-0.0310965630114565,-0.0001850392760786024,0.0,0.0750625521267722,0.0069728239647086,0.0038088642659279,-0.0009600423742841536,-0.0024089648727729,0.0096975995781105,0.0008659742359589107,-0.0039032006245121,0.0006980856938971769,0.00024496683874830616,0.0007840098877480717,-0.047085201793722,0.0066952309798278,0.0055784631512652,,-0.0007849293563579884,
2018-09-01,0.0003818609356263103,0.0085066486809377,0.0019463831038057,0.0029740934340538,-0.0050675675675675,-0.003950225172785,-0.026315789473684,-0.0325833979829325,-0.00013150291514130164,4.139358399446458e-05,0.0093019512795509,0.0139089907439755,0.0060232131948687,-0.0104148003487775,0.0007836990595611049,0.0018486365820762,0.0020862434918273,0.0021750751138227,0.0203921568627452,-0.0005429145295633431,0.0051176220694724,0.0062636761487964,0.0,0.0129380089596873
2018-10-01,0.000971029827357528,,0.0024698797568971,-0.0208753686171038,-0.0373514431239389,0.0108827254963856,0.0270270270270269,-0.0216519647153167,-0.0011414418263069,0.0032147686194432,0.0033300345666968,0.0086822515543236,0.0065442721299928,-0.0128826140911371,0.0046985121378231,0.0019032513877874,0.0013577609616568,0.0017105335761187,-0.0253651037663336,-0.0016694969207748,0.0048527167639398,,0.0047132757266301,
2018-11-01,0.0006824066206823076,,-0.0008107188901455009,-0.0336638536978095,0.0582010582010581,0.0026029468441493,0.0,-0.0352459016393442,-0.0008390390552016624,0.0031975904608656,-0.0123597028809701,-0.0209012931924398,0.002545791827224,-0.0088245543779632,-0.0163678877630554,0.001768360251277,0.0018530905935314,0.0004131320921008097,0.0449526813880125,-0.0014676206200696,-0.0010653566130504,,-0.0078186082877247,
2018-12-01,0.0016580532582752,0.0035469547022048,-0.00041954111700848173,0.0293326656680465,-0.0833333333333333,-0.0176351615078004,0.0263157894736842,-0.0747663551401869,-0.0008782198589269985,0.0126536291787477,-0.0133758052225277,0.0103248513382434,0.010437116299081,-0.006987102927536,-0.0142630744849444,0.0018461775645104,0.0016060488491487,0.0002018922812909718,-0.0135849056603774,-0.0015935089817664,0.0070519321630084,0.0051283445232723,-0.0063041765169425,0.0050387825093367
2019-01-01,0.0018622222518871,,-0.0003207272986446297,-0.0395054686975776,0.0890909090909091,0.0059578276504206,0.0256410256410257,0.1313131313131312,-0.0057822834531958,0.0012116453331347,0.0097768780192946,-0.0157748937462052,0.0076985950175754,0.0050462031572351,0.0016077170418005,0.0023082782552492,0.0011260348260051,-0.0001284509730160588,-0.0413159908186686,-0.0065757354984565,0.0067038257764597,,-0.0063441712926248,
2019-02-01,0.00015989340439714894,,0.0026339763140175,-0.024333269294584,0.0651085141903171,0.0034549824956862,-0.05,-0.083603896103896,-0.0043837224165378,0.0029815025150088,0.0079956672320169,1.927800033163507e-05,0.0045711617901698,0.0139215295450085,0.0104333868378814,0.0013472329907036,0.0006568646858746696,0.0015507859456582,0.0462889066241021,-0.0052167798859112,0.0044892425897973,,0.0063846767757382,
2019-03-01,0.0014920998641123,0.0072184921511504,0.0044956248642029,0.0429124432212302,0.1003134796238245,0.0129513335997153,0.0,0.0628875110717448,0.0008199136902242721,0.0005796984220070023,0.0117970325961955,0.0171378119120322,-0.0006324031614275416,0.0086451115422068,0.0055599682287528,0.0019050539509746,0.0012858902766912,0.002721125831455,0.0045766590389015,-6.586839241862208e-05,0.0013081006901614,0.0147205971171788,0.0071371927042029,0.0048934548257375
2019-04-01,0.0019155559102881,,0.0035001750087504,-0.0391127855683904,-0.0056980056980057,0.0015994442176656,-0.0526315789473683,0.0666666666666666,-0.0050281827016521,-0.0021625044631128,-0.0161220449516711,-0.0137218408493895,0.0106561140576528,0.0259192726195907,0.0015797788309637,0.0022036712550979,0.0026942074539739,0.0030792284568224,0.0098709187547456,-0.0059741500200785,0.0058684027337532,,0.0007874015748030594,
2019-05-01,0.0005111659895375986,,0.0006348882870947925,-0.0288037726243586,-0.1117478510028653,0.0049297858207917,0.0,0.021875,0.0018850859423378,0.00019578984323320725,0.0189949529860709,0.021434089310627,0.0022730019497434,0.0072293503672478,0.001577287066246,0.0013857183212575,0.0011016569637258,0.0006922936782656208,0.0142857142857142,0.0008844313323179698,0.0026058782098945,,-0.0031471282454759,
2019-06-01,0.0008625666000943166,0.0071117100156357,0.0001409967688239533,0.0095365529545381,0.2145161290322581,0.0015812573237949,0.0,-0.0558103975535168,0.00016768120293719768,0.0017955139152328,-0.0139109587131666,-0.0174436542875419,0.0015312689774202,0.0138804716450775,-0.0110236220472441,0.0023787649482884,0.0020309019172788,0.000719123215846329,-0.0340993328391401,-0.0008721903692356925,0.0016441921273477,-0.0053835083417729,-0.005524861878453,0.0030518417457459
2019-07-01,0.0005170939321015311,,0.0021107373483031,0.025898074724554,-0.1049136786188579,0.0096867006427951,0.0277777777777779,-0.0024291497975708,-0.0038170319944479,0.0020550760378132,0.0013334464171284,-0.0010262930143144,-0.0015390819470474,0.0188300357637285,0.0,0.0020764798722165,0.0014017857142856,0.0014463091826988,0.0460475825019186,-0.0048923529426757,0.0023223148326321,,0.0015873015873015,
2019-08-01,0.0010601573008395,,0.0010902696365766,-0.0030767318270814,0.0370919881305638,0.0047968843387895,0.0,0.1120129870129871,0.0069216408417904,0.0059508600169448,-0.001308142954615,-0.0015180207462834,-0.0003080003080002669,0.0084621672405069,-0.0055732484076431,0.0024441062503084,0.001007516249543,0.0003451595908952054,0.0895084372707264,0.0057974912115565,0.0006017694458020362,,-0.0055467511885896,
2019-09-01,0.0010788914555768,0.0076326565659203,0.001627768084035,-0.0115655589500592,0.0286123032904148,-0.006529689652658,-0.054054054054054,-0.0532846715328466,-0.0032028421336993,0.0027004806053354,-0.0056022276982806,-0.0171382500863822,-0.0065092377695651,0.0070163766919868,0.0008006405124099114,0.0017150320858652,0.0006145898280929263,0.0006810009806412776,-0.0161616161616161,-0.004269260054343,-0.0009491038784211758,-0.0045730618077884,-0.003187250996016,0.0038991948584066
2019-10-01,0.0006149004258020341,,0.0027630984115107,0.0046226835894731,-0.0069541029207231,0.0034070168322855,0.0285714285714286,0.0239013107170393,-0.0078134900905642,0.0014465991587058,0.0016489139911299,-0.01048412927822,-0.0037740265059535,0.0012815777553225,-0.004,0.0016289476469075,0.0013975556129215,0.0019599480976708,0.0403832991101984,-0.0088116936839938,-0.0005205776852522659,,0.0,
2019-11-01,0.00166515789265,,0.00187714968617,-0.045727099450611,-0.0280112044817927,0.0043405534735014,0.0,0.0112951807228915,0.0031480435263195,0.0041138566407499,0.000449393555223443,-0.0124229241834502,7.782215435225837e-05,0.0160086136516914,0.0016064257028112,0.0016678049498337,0.0002488977385863844,0.00041657987919174744,-0.0151315789473683,0.0022460516707991,-0.0021102180493626,,0.0007993605115907965,
2019-12-01,0.0013193569454248,0.0094382661459127,0.0018425993451982,0.0119607668049948,-0.0086455331412104,0.0079133877885828,0.0,0.1451973194341027,-0.003278226094758,-0.0043820686546187,0.0004208216898118344,0.0211691815728989,-0.0013390241861244,0.0025626973742798,0.0024057738572573,0.0010585359054626,0.0022039742632682,0.0024169676560845,-0.0387441549766198,-0.004040526259559,-0.0014661524055651,0.0099508290862107,-0.0015974440894569,0.0088375086215424
2020-01-01,0.0022333634189566,,0.0016223771891445,0.0474958666939124,0.0290697674418605,-0.0034987440649701,-0.0277777777777777,0.0201560468140442,-0.0045222634508348,0.0087627596034118,-0.0197797523395405,-0.0145574253046334,-0.0082022285244662,0.0180775125364613,0.0016,0.0025438206982713,0.0020927180505798,0.0018783412801617,0.0375260597637248,-0.0051322149559283,-0.0040583954752707,,0.0063999999999999,
2020-02-01,0.0024716028607487,,0.0012563688234974,0.0263222065076191,-0.0254237288135593,0.0040281416547247,0.0,0.0012746972594008,0.0039564474892155,0.0054852571338044,0.0012198944043975,-0.0143117035813021,-0.0075659425854058,0.0079550976249473,-0.0071884984025559,0.002496077592355,0.0017520883477275,0.0011357081049898,-0.0241125251172136,0.0035815939587071,-0.0050892435917596,,-0.0119236883942766,
2020-03-01,-0.0098226931752609,-0.0083926744042991,-0.003250877389414,-0.1355102640309649,-0.1159420289855072,-0.0874691641928335,0.2571428571428573,-0.1915977084659452,-0.0376505106003905,-0.0147248043695183,-0.0901429341963322,-0.0579168161064521,-0.0079507332359469,0.0046915752066962,-0.0241351568785197,-0.0006252737912934014,-0.0005565076056039953,-0.0022148194832087,-0.0507892930679478,-0.0377929027631432,-0.0021960717679809,0.0271418037083432,-0.0144810941271118,-0.000895295763780779
2020-04-01,-0.135709839344132,,-0.008022001433192,-0.2048231302375086,-0.0459016393442622,-0.1522961574507966,2.3409090909090904,-0.2614173228346457,-0.131960692559663,0.1490955125428923,-0.2019636902556502,-0.131569829367303,6.925885497044426e-05,-0.0283069573798435,-0.0255564715581203,-0.0042897390939471,-0.0041982270224405,-0.0052966866382733,-0.2161966738973246,-0.1318822057498015,-0.0131702835237055,,-0.0351020408163265,
2020-05-01,0.0202431941645659,,-0.0005857224300452879,0.1272795827311004,0.2130584192439861,0.1868214483139856,-0.1020408163265306,0.1247334754797442,0.0161901623135864,-0.0477090605466711,-0.0300053723146717,-0.0118363305897477,-0.0116391983993279,-0.0029089296980238,0.0067681895093061,-0.0006208352303299636,0.0013402208257891,0.001052278273175,0.1586715867158672,0.0165721883532878,-0.0236416545395899,,0.0,
2020-06-01,0.0338327513048701,0.0036444736113372,0.004973744256556,0.10809213753735,0.3059490084985836,0.0870005340885096,-0.1666666666666666,0.2028436018957347,0.0627535921329247,-0.0091881096484285,0.0952143262518034,0.0425190413526339,-0.010204268153361,0.0008700946022668354,0.0134453781512604,0.0018147180410081,0.0020563912107003,0.003561298741312,0.0652866242038217,0.063484005902511,-0.0109430809764358,0.0162180396498632,0.0177664974619289,-0.087414474914646
2020-07-01,0.0100828127270085,,0.0051551802563594,0.096929175847948,0.0921908893709326,0.0209372434978185,-0.0727272727272727,0.1899133175728919,0.0380546318729884,0.0061269012137041,0.0749747149974402,0.1044915991699577,-0.0007033030620614555,0.0080646153383516,0.0124378109452736,0.0055019392080815,0.0033082414131675,0.0029436729091796,0.1606875934230194,0.039119198092991,0.0011215322239219,,0.0099750623441396,
2020-08-01,0.0119742822622403,,0.0040109382191741,0.0139652634137616,0.028798411122145,0.0074446871496605,-0.176470588235294,-0.0887417218543046,0.0091701410799012,-0.0386630996445194,0.0237363735095799,0.0276406926406926,0.0050528695555753,0.0080502677320808,0.0090090090090091,0.0041487262289199,0.0031474542649327,0.0030520743301643,-0.021249195106246,0.010541736558665,0.005687514139655,,0.0049382716049382,
2020-09-01,0.0065310241413374,0.0125276455266885,0.0023499499191002,0.020385732248989,-0.0434362934362934,0.0218357348383011,-0.0595238095238095,0.0617732558139534,-0.00048066269027535746,0.0038439056622954,0.0284903840698926,0.0126840364808222,0.0075128521410019,0.0122526996561873,0.0016233766233766,0.0018238530197796,0.0017313810620309,0.0018131064257569,0.0618421052631579,0.0011261722429254,0.0073961711206218,-0.0311949407168452,0.0057330057330058,0.0548816428815635
2020-10-01,0.0045681766832355,,0.0006226219301279645,0.0183604987743413,0.0100908173562057,-0.0033014961829848,-0.1265822784810126,0.0472279260780288,0.0078473130837473,-0.0044684392741634,0.0225161617721687,0.0294722041964092,0.0107951417299603,0.0138185896507414,-0.0008103727714749986,0.000668767090714617,0.00033339474815541337,0.0003135835431355982,-0.0092936802973977,0.0096632783152323,0.0083277848911651,,0.001628664495114,
2020-11-01,0.0023404718897377,,0.0014173119469027,-0.0055063442662197,-0.1498501498501498,-0.0112989933624095,-0.0289855072463768,0.0071895424836601,0.0030291763490835,-0.0131348901081435,0.0160108753115324,0.0236220154274469,0.0023005765735402,0.0112165371669445,0.0008110300081103361,0.0017970385992009,0.0002718892796689243,0.00016122098022353093,0.0519074421513445,0.0049616330984414,0.0048172453727219,,0.0081300813008129,
2020-12-01,-0.0008063837545227992,0.0108432060394674,0.0032333413879204,0.0130870573817132,0.0235017626321973,-0.0016402063865076,0.0,0.0713822193380921,0.0104995659932267,0.0009019165727170986,0.0301472852576696,0.0128805851725239,0.0027456484699277,0.0151524283743156,0.0097244732576984,0.0006226465443117668,0.0032793209876542,0.0043343542349507,0.028537455410226,0.0125108176242616,0.0043882352227531,0.0330252499516789,0.0120967741935484,0.0405315481521935
2021-01-01,0.0036491996322729,,0.0024315272743953,0.0251620150349951,0.0459242250287026,0.0550335026577424,-0.044776119402985,-0.0296789824348879,0.0114787340275936,0.1005824992758988,0.0181733841871971,0.0186406329163255,0.0127085784776053,0.0108614392412507,0.0152487961476726,0.00048151001540830407,0.0031462480991417,0.0038609005795808,0.0653179190751445,0.0135162037835814,0.0057505945116196,,0.0270916334661355,
2021-02-01,0.0049644447862842,,0.004370709382151,0.0008218000370863177,-0.1569703622392975,-0.017694851105579,-0.03125,-0.1073657927590512,-0.0306393524371754,-0.084009778235239,-0.0209217093740192,-0.0101999824006304,0.0086937496951051,-0.0085626949942527,0.0118577075098813,0.0015104733556943,0.0016814483107108,0.0033575228942201,-0.054259359739555,-0.0288299613697374,0.0069317151991816,,0.0162916989914663,
2021-03-01,0.0048981750123497,0.0064029115265515,0.0063870345477052,0.0164772464091562,0.1471354166666667,0.112042951130826,-0.0322580645161291,0.1965034965034964,0.0274258468080947,0.2267297464677227,0.0721719843030199,0.0646832130556962,0.0096241778340544,0.0195550833151783,0.01484375,0.0030496595470976,0.004192215699065,0.0059401032214658,0.0172117039586918,0.0292125226189736,0.00019978103600881705,-0.0107245218190014,0.0251908396946565,0.0048421174432766
2021-04-01,0.0018209387181422,,0.0064106434037156,-0.0199923775435805,-0.0817253121452894,5.273831726415601e-05,0.0,-0.1203974284044419,0.0016437037044529,-0.153493044098283,0.0013020079856489,-0.0075297432117948,0.0089227781237344,0.0049783820258415,0.0092378752886834,0.0085573085385133,0.0063140389928719,0.0053330047873838,-0.0045121263395374,0.0032451241256703,-0.000795983315156179,,0.0119136262099777,
2021-05-01,0.0030892780626701,,0.007018412084266,0.0210469805466551,-0.0852904820766378,-0.0045432463356792,-0.0333333333333333,0.0664451827242524,0.0076132597354594,-0.0291613125357369,0.0126997428265958,0.0129679149275516,0.0135413159765085,0.0083643769801204,0.0129672006102212,0.0074761847341131,0.005172740261305,0.0050858733521246,-0.0419263456090651,0.0089569273521237,0.0062202791343424,,0.0228108903605592,
2021-06-01,0.0038376475289545,-0.0107163810600884,0.0087714399532388,0.0177234055766006,-0.0351351351351351,0.009567826417796,0.0172413793103449,0.0367601246105919,0.0041471860170279,-0.0051803627520518,0.0097346858221696,0.0244518114057896,0.0125938648913368,0.0037257805766173,0.0105421686746987,0.0080046424750197,0.0048121794377797,0.0055652810074986,-0.0177409816676522,0.0051602632549652,0.0091711835659982,0.011124484181568,0.0115107913669063,0.0075842203185951
2021-07-01,0.0047289599033617,,0.0045358085290916,0.003722144931781,0.0168067226890755,-0.0156897727869024,-0.0847457627118644,-0.0546875,0.0067879467783451,0.0072126096533109,0.0084586908810038,-0.0006309859949309438,0.0093573629479268,0.0057396106229479,0.0029806259314455,0.0031375709731504,0.003936974324451,0.0045730915137973,-0.0036122817579771,0.0074051469054443,0.0068915365291102,,0.0106685633001422,
2021-08-01,0.0035317343753202,,0.0033359786027098,0.0155466663424399,-0.0550964187327823,0.009610444998013,-0.037037037037037,0.0019071837253654,-0.00035093841328248665,-0.0012324689196619,0.0080281334939893,0.0132731813307749,0.0138482841377356,0.0026085166756344,-0.00222882615156,0.0018364814163862,0.0032934106322839,0.0039487524356387,0.0706948640483384,-0.00014187606167392897,0.0090650309827673,,0.0021111893033076,
2021-09-01,0.0028862386320318,0.0152712126341794,0.0041085055585663,-0.0148776623552839,0.0670553935860058,0.0105606251890111,-0.0961538461538461,-0.0107868020304568,-0.0097900572210597,-0.0140611552675542,-0.0195653281813927,0.0093467053298847,0.0138139257083678,-0.005324074074074,0.0044676098287415,0.0025455951537023,0.0020896961903231,0.0031259661296416,-0.0886004514672685,-0.0099621354482258,0.008520413228956,0.0225313313040964,0.002808988764045,0.011209507677556
2021-10-01,0.0045951889661164,,0.0086647654751397,0.0148025716126052,-0.0833333333333333,0.0141886082623585,-0.0212765957446809,0.0025657472738935,0.0151267203339415,0.00030166493369776504,0.0674800820346095,0.0141437203399183,0.0241381919597012,0.0070257094913219,0.0148257968865825,0.0060282054303846,0.0040778076085306,0.0057444695568795,0.0513931888544891,0.0146100102134494,0.0125225810768185,,0.01890756302521,
2021-11-01,0.0043714739366913,,0.0069922990708268,0.0142553182995812,0.126676602086438,0.0109160624738495,-0.0869565217391303,0.0914907229686501,0.0059273758339071,-0.0026564174296915,0.0099469672152918,0.041043621387981,0.0159907960566592,0.0126853944337275,0.0073046018991964,0.0052324239896344,0.0051627441582793,0.0061372670860324,0.0182567726737337,0.0051210001730754,0.0141419376276452,,0.0068728522336769,
2021-12-01,0.0039555471840271,0.004558599868677,0.005751748502822,0.0094067082818392,0.1097883597883597,-0.0202666806688947,-0.0714285714285715,0.0363423212192262,-0.0019840919567284,-0.0038537009039147,0.0188125972517478,0.0169278914942407,0.02466443998878,0.0095202292109433,-0.0036258158085569,0.0056183544683752,0.0054373739993138,0.0054230118443314,0.0965876229034123,-0.0030285841622267,0.0227652568503111,0.0089303532229096,-0.0156996587030717,0.0163818660328387
2022-01-01,0.0033771106941837,,0.006450668627689,0.0307723501154157,-0.0095351609058402,0.0270557840329259,0.0256410256410257,-0.0576923076923077,0.0038060627739937,-0.022339765945904,-0.0201000701265289,0.0144424742374014,0.0120613548714971,0.0270909030340669,0.019650655021834,0.0058327773290725,0.0047257327797791,0.0052843715552712,-0.0290084388185654,0.0025463033517225,0.0123051286006756,,0.0277392510402219,
2022-02-01,0.0047681376215407,,0.0079770725668866,-0.0070435322065699,-0.0493381468110709,0.016520427222791,-0.05,0.0666266506602641,0.0073688641748086,-0.0007993288280254696,0.0218119553048097,0.0149810006333122,0.0282318556011651,0.0153702250396012,0.0178443968593862,0.0050518274907394,0.0036766836975514,0.0059345939113912,0.0086909288430201,0.0059841326744538,0.0173911479919806,,0.0323886639676114,
2022-03-01,0.0026452564835368,0.0077873875800889,0.0124075416458466,0.0067201536035108,-0.1050632911392405,0.0115306626243165,-0.0526315789473683,-0.0343275182892515,0.0065404130470063,-0.0040659544084201,0.0493999561729534,0.0955196221270329,0.0274420876105667,0.0085818279721388,0.0294530154277701,0.0032409562384065,0.0036797161833257,0.0095108921766047,0.0118470651588584,0.0050481964880468,0.0239357424750406,0.0206777761294896,0.0392156862745098,0.0019367191537913
2022-04-01,0.002439412419791,,0.0033193376617959,0.004230713923514,-0.1244695898161244,0.007106415626054,0.0,0.0518648018648018,0.0067508788597656,-0.000590808611201421,0.0334479793637145,-0.0329661567202432,0.0228200520598735,0.0071950176680044,0.0047683923705721,0.0056923039634917,0.0031154696632169,0.0019947082533116,-0.0298030867482703,0.0051744400203468,0.0133021725256436,,0.010062893081761,
2022-05-01,0.0025525048934031,,0.0097379989815111,0.0081280899553841,0.0274636510500807,0.0035511079427139,0.0,-0.1346260387811634,-0.001019459887658,-0.0012487379775759,0.0145959373848549,0.0065317517345364,0.0194067419480448,0.0072368310226909,0.0047457627118643,0.0063142311201391,0.0037531754486601,0.0060626999991773,-0.070213933077345,-0.0026000767807906,0.0163239459891291,,0.026774595267746,
2022-06-01,0.0019325901985356,0.0134652415199556,0.0132224486575132,0.0225691783817323,-0.1022012578616352,0.0102921955650074,0.0,0.0083226632522406,-0.0020947615600692,-0.0042097842568699,0.0171936442481539,-0.0016969484186196,0.017958442184434,0.0055820731439453,0.0020242914979757,0.0070649254676022,0.0062863300894782,0.0099100572363042,0.0005899705014749124,-0.0036453477764254,0.0140320899890682,0.0162458517364167,0.010915706488781,-0.0019703504863237
2022-07-01,0.0035351507211838,,-0.00019300574276726048,-0.0013451718201125,-0.0490367775831873,-0.0043503429403406,-0.0277777777777777,-0.1257142857142856,0.0051834406963588,0.0050757692127882,0.0014319387606243,-0.0282846340963043,0.0061701578778676,0.0078007928856502,-0.0141414141414141,0.0031288856275097,0.0007626279835792893,-0.0009310836194054152,-0.0064858490566037,0.0037038384208327,0.0053539331181897,,-0.0371925614877024,
2022-08-01,0.0019155077407504,,0.001181965042283,0.0023352598617145,0.1896869244935544,0.0067199328153537,0.0571428571428571,0.0951343500363108,-0.0006862215892777801,0.000916998358705845,0.0031932959951543,-0.0123567751139314,0.0138851274856708,-0.0110519940457526,-0.0122950819672131,0.0056726780120226,0.0055045722809521,0.0026823990858773,-0.0848664688427299,-0.0020568983572304,0.0090372278052992,,-0.0137071651090342,
2022-09-01,0.0017612550087735,0.0162720495720629,0.0038596847303971,0.002037678799011,-0.1346749226006192,-0.0016727797749696,-0.054054054054054,-0.0285145888594164,0.0038251758632743,0.00018588717975953628,-0.0121516897727098,0.0158125217582498,0.0059859393918162,0.005410032757231,-0.0103734439834024,0.0057585452096313,0.0046440002902499,0.003443036337773,0.0142671854734111,0.0025607697586238,0.0024846896276427,0.0059113770171381,-0.0094756790903347,0.0020563491795093
2022-10-01,0.0018561970183201,,0.0043839992451837,0.0073615428627655,0.0822898032200358,0.0130657465326979,0.0571428571428571,-0.021160409556314,-0.0006249230772166214,0.0034980120405954,-0.0072762579686822,0.0064724627224628,0.0052614854909232,-0.002372894671471,-0.0041928721174003,0.0027154623987142,0.0026162254126975,0.0037292394928878,-0.0332480818414322,-0.0017885847822909,0.0029128836898422,,-0.003826530612245,
2022-11-01,0.001715758228137,,0.0009628869161448784,-0.0208921962672609,0.0578512396694215,-0.0058242319195018,0.0,-0.004881450488145,-0.0021948038805736,0.0025994814266061,,,,0.0023829752308108,-0.0063157894736842,0.0019868367888709,0.0016809009629161,0.0010431963536274,-0.1064814814814815,-0.00327076667822,,,-0.0025608194622277,
2022-12-01,,,,,,,,,,,,,,,,,,,,,,,,
2023-01-01,,,,,,,,,,,,,,,,,,,,,,,,
